V1,V2,V3,V4,V5,V6,V7,V8,V9,V10,Q47,Q35,Q35_TEXT,Q25,Q31,Q32,Q30_1,Q30_2,Q30_3,Q30_4,Q30_5,Q30_6,Q30_6_TEXT,Q30_7,Q30_8,Q39,Q43,Q50_4,Q50_5,Q50_6,Q50_7,Q50_8,Q50_9,Q50_10,Q50_11,Q50_16,Q22_1,Q22_2,Q22_3,Q22_5,Q22_5_TEXT,Q1,Q40_1,Q40_2,Q40_3,Q48_1,Q48_2,Q48_3,Q26,Q34_1,Q34_2,Q34_3,Q34_4,Q34_5,Q34_7,Q34_7_TEXT,Q44,Q36_1,Q36_2,Q36_3,Q36_4,Q36_5,Q36_6,Q36_7,Q36_8,Q36_10,Q36_11,Q27,Q49,Q45,Q21,Q41,Q19_1,Q19_2,Q19_3,Q19_4,Q19_5,Q19_6,Q19_7,Q19_7_TEXT,Q20,Q50_1,Q50_2,Q50_3,Q50_4,Q50_5,Q50_6,LocationLatitude,LocationLongitude,LocationAccuracy,
R_Q4EmL4U4DRw6FEd,Default Response Set,Anonymous,,,,1,2016-07-22 20:44:55,2016-07-22 20:54:19,1,1,1,,1,3,2,1,,,1,,,,,1,3,1,38,40,40,39,37,37,39,39,39,1,1,1,,,1,2,3,4,,,,1,1,1,1,,,,,1,16,16,14,16,15,17,17,15,16,16,1,Yada fajnafsdmldadgvsv / sfdmgnb / sfldknkladb,1,git diff / sublime / Github Desktop / squash / rebase / log,3,25,24,24,23,23,25,,,3,4,4,4,2,5,2,44.625106811523,-123.13090515137,-1,
R_1Q3GAZ3MxZ3DJGt,Default Response Set,Anonymous,,,31.10.155.177,0,2016-07-26 15:02:43,2016-07-26 15:07:06,1,1,1,,2,2,2,1,,,,,,,,,2,1,37,38,38,37,37,36,37,37,39,,,1,,,1,2,3,4,,,,3,,,,,,,,1,15,16,16,15,17,16,16,14,14,15,,,1,diff,2,24,23,22,22,22,25,,,3,2,4,4,4,3,2,47.36669921875,8.5500030517578,-1,
R_2a8kwBUWytXyScs,Default Response Set,Anonymous,,,213.55.184.218,0,2016-07-26 15:57:42,2016-07-26 16:06:50,1,1,1,,3,2,2,1,1,1,1,1,,,1,1,5,1,36,38,39,38,38,36,39,37,38,,,,,,,,,,,,,2,1,,,,,,,1,16,16,17,16,15,15,17,14,13,16,2,,1,"textmate, gitup, wercker, sourcetree ",2,26,26,26,25,24,25,,,5,3,4,4,3,4,2,47.144897460938,8.1551055908203,-1,
R_3M5VC8CdvskLXzz,Default Response Set,Anonymous,,,179.98.79.75,0,2016-07-27 05:44:44,2016-07-27 05:53:32,1,1,1,,3,2,5,1,,,,,,,,,2,1,37,39,37,36,37,37,38,39,37,1,,,,,1,1,2,4,,,,3,,,,,,,,1,14,15,14,15,15,15,13,14,15,14,,,1,Git and any editor. Usually sublime or eclipse ,1,25,24,24,23,22,22,,,3,2,4,5,4,4,4,-23.473297119141,-46.665802001953,-1,
R_1LUWXDK3sInDNzM,Default Response Set,Anonymous,,,131.107.174.142,0,2016-07-27 09:57:09,2016-07-27 10:10:50,1,1,1,,1,1,2,1,,,,,,,,,2,1,37,39,37,39,37,38,37,38,37,,,1,,,2,,,,1,2,4,1,,,,,,1,"Not having tools that allow me to place my changes on top of other people's changes.Git allows me to rebase my working branches on top of master, thus keeping all my changes grouped and top of the rest of history (which I don't care that much about, as long as it just works or does not conflict with me)",1,15,16,17,14,17,17,16,16,16,15,,,1,Beyond Compare / gitk / terminal,4,26,25,24,24,22,26,,,3,3,3,4,5,4,3,47.620101928711,-122.16529846191,-1,
R_2S8NETv85NgOw5K,Default Response Set,Anonymous,,,208.186.233.100,0,2016-07-27 16:28:04,2016-07-27 16:37:49,1,1,2,,1,1,5,1,,,,,1,QA Engineer,,,2,1,37,38,38,37,39,36,37,39,38,1,1,1,,,1,1,3,4,,,,3,,,,,,,,1,16,17,16,16,17,17,16,16,17,15,,,1,"Git, vim, vim-fugative, occasionally turn to GitHub to see actually pull requests if merge conflict is particularly confusing/difficult.",1,26,26,25,25,26,26,,,5,3,2,1,1,3,2,40.658294677734,-111.92310333252,-1,
R_9tb2iP5ya7JGNLb,Default Response Set,Anonymous,,,107.77.231.72,0,2016-07-27 20:21:35,2016-07-27 20:30:07,1,1,1,,1,2,2,1,1,1,1,1,,,1,1,5,1,39,37,40,37,39,36,40,38,39,,,1,,,1,2,3,4,,,,3,,,,,,,,1,16,15,13,15,16,13,15,16,16,17,2,,1,"My editor, sometimes source tree, I have used diffmerge before and there is a merge resolution plugin for atom I use sometimes... Typically I just use my editor though... ",3,26,25,24,23,23,25,,,4,4,4,3,2,3,2,34.054397583008,-118.2440032959,-1,
R_5yUeeJcxLx5MDg9,Default Response Set,Anonymous,,,73.131.198.44,0,2016-07-27 21:19:39,2016-07-27 21:26:46,1,1,2,,1,2,3,1,,,,,,,,,5,1,36,38,39,37,38,37,38,38,40,1,,,,,3,,,,,,,3,,,,,,,,1,14,14,15,16,16,15,16,14,16,14,,,1,Eclipse. I suck at knowing what it is trying to tell me. ,2,24,24,23,23,24,23,,,4,5,5,4,3,3,4,40.477401733398,-112.00820159912,-1,
R_1jD7vEfjliZyPQQ,Default Response Set,Anonymous,,,107.130.190.60,0,2016-07-28 17:23:58,2016-07-28 18:05:39,1,1,1,,6,3,2,1,1,1,1,1,,,1,1,3,1,38,39,39,37,37,36,39,38,40,1,,1,,,2,,,,2,3,4,2,,1,,,,1,"In some cases my 'usual' development practices can be in conflict with someone else's 'usual' practices.  That's why I selected team awareness issues.  I have a habit of making voluminous comments which throws people into a tizzy because it can show interesting variances in git and SVN.  When I explain my purposes (make others aware) it not only makes more sense to others, but can even get them to be more aware of what they're doing.  Good for the team...",1,15,17,17,17,16,15,15,16,17,17,2,,1,"git or SVN / communication, communication, communication / some minor before/after testing / peer review when 'personal' conflicts arise / project management review when peer review fails / non-violent communication/ego-less skills / when all else fails, a large caliber handgun.  ;-) / a technique  / ",3,26,25,25,24,23,22,,It's difficult to know exactly what is meant by small/large/simple/complex. Those are objective terms...,4,2,2,4,1,1,2,34.19059753418,-118.76370239258,-1,
R_DHQv7ZGCeHfLCO5,Default Response Set,Anonymous,,,32.97.110.60,0,2016-07-29 11:51:53,2016-07-29 11:56:33,1,1,1,,6,1,5,1,,,,,1,Concurrency shaman,,,5,1,37,38,39,36,39,37,38,40,39,,,1,,,2,,,,2,3,5,3,,,,,,,,1,16,16,16,15,15,17,15,16,17,16,,,1,gitk / git merge display of conflict / Avoid conflicts by making small atomic changes.,2,26,26,24,24,23,25,,,3,2,2,2,2,2,2,32.778701782227,-96.821701049805,-1,
R_0GJJ7zk7RkIB69P,Default Response Set,Anonymous,,,90.179.77.248,0,2016-07-23 01:02:37,2016-07-23 01:03:45,0,1,1,,1,2,2,1,,,,,,,,,5,,,,,,,,,,,,,,,,,,,,,,,,,,,,,,,,,,,,,,,,,,,,,,,,,,,,,,,,,,,,,,,,-1,
R_3qfh4Nshxa5ZUTx,Default Response Set,Anonymous,,,73.240.184.165,0,2016-07-23 01:07:26,2016-07-23 01:12:56,0,1,1,,1,2,5,1,,,,,,,,,5,1,38,39,39,39,38,37,39,38,39,,,1,,,2,,,,2,3,4,1,,1,1,1,,,,1,17,16,17,15,17,15,16,15,15,16,,,,,,,,,,,,,,,,,,,,,,,-1,
R_2YhnmA1yl3vm5yB,Default Response Set,Anonymous,,,68.35.14.102,0,2016-07-23 05:49:00,2016-07-23 05:52:21,0,1,1,,1,2,2,1,1,1,,1,,,,,5,1,37,37,37,37,37,37,38,36,38,1,1,,,,2,,,,2,3,3,3,,,,,,,,,,,,,,,,,,,,,,,,,,,,,,,,,,,,,,,,,-1,
R_1Ige3izQDYi2Zf2,Default Response Set,Anonymous,,,86.166.221.213,0,2016-07-23 11:44:22,2016-07-23 11:45:04,0,1,1,,1,2,3,1,,,,,,,,,2,,,,,,,,,,,,,,,,,,,,,,,,,,,,,,,,,,,,,,,,,,,,,,,,,,,,,,,,,,,,,,,,-1,
R_0IJ24Ak8fjYOeqZ,Default Response Set,Anonymous,,,95.220.146.30,0,2016-07-23 04:37:34,2016-07-23 13:13:58,0,1,1,,3,2,2,1,,,,,,,,,5,1,36,38,39,39,39,37,40,39,39,1,,,,,1,2,3,4,,,,3,,,,,,,,1,16,17,17,17,17,17,16,16,16,17,,,,,,,,,,,,,,,,,,,,,,,-1,
R_Oa2DV7JJJEIGGmB,Default Response Set,Anonymous,,,64.126.61.123,0,2016-07-23 15:03:12,2016-07-23 15:05:26,0,1,1,,2,2,2,1,,,1,,,,,,2,1,39,39,39,37,38,36,37,38,38,,,1,,,1,2,3,4,,,,3,,,,,,,,,,,,,,,,,,,,,,,,,,,,,,,,,,,,,,,,,-1,
R_1ovGLaJonDz8x28,Default Response Set,Anonymous,,,54.240.196.169,0,2016-08-02 13:50:17,2016-08-02 14:11:34,1,1,1,,3,2,3,1,1,,,1,,,1,1,2,1,36,38,40,37,40,37,36,37,37,1,1,1,,,2,,,,1,2,4,2,,,1,1,,1,"Fast moving vs slow moving code changes. for some large refactors, the day to day stuff can make the larger refactor almost impossible.",1,14,14,15,14,17,17,13,13,13,14,2,,1,Visual Studio and diffuse,2,26,26,26,26,26,26,26,3-way merge to do on the fly code editing,5,1,4,3,5,3,1,47.610305786133,-122.33409881592,-1,
R_3NWdAhzFu4diF5k,Default Response Set,Anonymous,,,54.240.196.185,0,2016-08-02 14:08:55,2016-08-02 14:12:57,1,1,1,,1,2,2,1,,,,,,,,1,5,1,38,38,37,38,38,36,37,37,40,1,1,,,,1,1,2,3,,,,2,,1,1,,,,,1,17,15,13,15,14,13,14,15,13,17,,,1,git diff,3,26,26,24,23,24,24,,,4,2,2,5,5,2,1,47.610305786133,-122.33409881592,-1,
R_1K2UsClW3H2U51N,Default Response Set,Anonymous,,,54.240.196.186,0,2016-08-02 14:10:40,2016-08-02 14:15:47,1,1,1,,1,2,2,1,,,,,,,,,5,1,40,39,39,37,38,37,39,38,40,,,1,,,1,1,2,4,,,,3,,,,,,,,1,17,15,13,14,15,13,13,14,14,17,,,1,"vimdiff, git",1,26,25,25,23,24,26,,,4,2,2,3,3,4,2,47.610305786133,-122.33409881592,-1,
R_1n3bAAAxUv0X4Il,Default Response Set,Anonymous,,,54.240.196.185,0,2016-08-02 14:17:43,2016-08-02 14:26:13,1,1,1,,1,2,3,1,,,,,,,,,6,1,38,38,37,37,37,38,38,37,38,,1,1,,,1,1,2,3,,,,3,,,,,,,,1,16,15,16,14,15,16,13,14,14,17,,,1,"git, vim",2,24,24,23,23,23,23,,,3,3,4,3,4,3,2,47.610305786133,-122.33409881592,-1,
R_W3CmhWMal6Dubpn,Default Response Set,Anonymous,,,54.240.196.186,0,2016-08-02 14:32:45,2016-08-02 14:38:03,1,1,1,,1,2,2,1,,,,,,,,,4,1,36,39,38,39,38,36,36,36,37,1,,,,,1,1,2,3,,,,3,,,,,,,,1,16,16,14,14,15,15,15,15,15,15,,,1,Basic git merge conflict annotation.,1,25,24,25,24,24,24,,,4,1,1,1,1,1,1,47.610305786133,-122.33409881592,-1,
R_1M5po2XmFg2sNMc,Default Response Set,Anonymous,,,54.240.196.185,0,2016-08-02 14:52:01,2016-08-02 14:55:40,1,1,5,,3,2,3,1,,,,,,,,,6,1,38,37,39,38,39,36,40,38,40,,,1,,,1,3,3,4,,,,3,,,,,,,,1,16,17,14,15,15,14,15,17,17,17,,,1,"git, diff, proprietary tools",1,25,25,24,24,24,25,,,4,2,2,2,2,2,2,47.610305786133,-122.33409881592,-1,
R_2R1VSkhgOww75Py,Default Response Set,Anonymous,,,54.240.196.186,0,2016-08-02 14:07:08,2016-08-02 14:57:56,1,1,1,,2,2,3,1,,,1,,,,1,,6,1,,,,,,,,,,,,,,,,,,,,,,,,,,,,,,1,,,,,,,,,,,,,1,,,,,,,,,,,,,,,,,,47.610305786133,-122.33409881592,-1,
R_3Pzwb5Q8Mo3HVNR,Default Response Set,Anonymous,,,54.240.196.169,0,2016-08-02 14:38:46,2016-08-02 15:10:17,1,1,1,,1,2,2,1,,,,,,,,1,4,1,37,37,38,37,39,38,39,40,39,,1,,,,1,1,2,2,,,,3,,,,,,,,1,15,17,14,15,15,16,14,15,14,17,,,1,"diff, 'git status', IDE or text editor",3,26,26,26,25,24,26,,,4,3,3,3,4,3,2,47.610305786133,-122.33409881592,-1,
R_0fGp6CyGw5q0xAl,Default Response Set,Anonymous,,,54.240.196.169,0,2016-08-02 14:04:45,2016-08-02 15:16:19,1,1,1,,6,2,4,1,,1,1,1,,,1,,2,1,38,38,39,39,39,38,37,38,38,,1,1,,,1,2,3,5,,,,2,1,1,1,1,,1,bad continuous integration setup encouraging fewer/larger merges,1,15,17,15,17,15,16,17,17,16,16,1,"if version of dependency is fixed in a backward-compatible release line, features which use a new version of that dependency are very difficult to add.",1,"mostly vim and tkdiff, along with read-only enlistments of multiple branches for exploration.",4,26,24,23,22,24,24,,,3,2,3,4,2,3,3,47.610305786133,-122.33409881592,-1,
R_1C8QoWoPZaOAHhi,Default Response Set,Anonymous,,,54.240.196.169,0,2016-08-02 16:49:12,2016-08-02 16:53:20,1,1,2,,1,2,4,1,,,,,,,,,2,1,38,36,39,36,38,36,37,37,38,1,,1,,,2,,,,2,2,3,2,1,,,1,,,,1,17,16,13,14,13,13,13,14,14,16,,,1,"git, vim, build/make tools",1,25,25,25,25,25,25,22,,4,1,1,1,2,1,1,47.610305786133,-122.33409881592,-1,
R_2PATibKmFVrTokZ,Default Response Set,Anonymous,,,159.253.76.227,0,2016-07-27 01:19:09,2016-07-27 01:19:40,0,1,1,,1,3,1,1,,,,,,,,,5,,,,,,,,,,,,,,,,,,,,,,,,,,,,,,,,,,,,,,,,,,,,,,,,,,,,,,,,,,,,,,,,-1,
R_1jribmJFFkHNdEo,Default Response Set,Anonymous,,,185.7.186.34,0,2016-07-27 04:34:54,2016-07-27 04:36:22,0,1,,,3,2,3,1,,,,,,,,1,2,,,,,,,,,,,,,,,,,,,,,,,,,,,,,,,,,,,,,,,,,,,,,,,,,,,,,,,,,,,,,,,,-1,
R_0uGWD5Ps7Ddk8FP,Default Response Set,Anonymous,,,201.6.128.159,0,2016-08-03 09:57:28,2016-08-03 10:04:03,1,1,1,,1,3,1,1,,,,,,,,,5,1,38,39,39,40,39,36,38,38,37,1,,,,,1,3,4,5,,,,2,1,1,,,,,,1,16,17,16,14,15,15,16,16,15,15,,,1,"Git, diff",3,25,23,22,22,23,24,,,4,4,4,2,2,4,3,-23.473297119141,-46.665802001953,-1,
R_2pS762ZIDf9EWPQ,Default Response Set,Anonymous,,,143.107.45.11,0,2016-08-03 10:06:25,2016-08-03 10:16:30,1,1,1,,2,3,2,1,,,,,,,,,5,1,39,38,39,38,39,37,39,38,38,,,1,,,2,,,,2,3,4,2,,,,1,,,,1,16,16,15,17,15,14,16,15,14,16,,,1,kdiff,2,26,25,24,24,23,25,,,4,3,3,3,3,4,3,-23.473297119141,-46.665802001953,-1,
R_3NxNkMozk3ljxN1,Default Response Set,Anonymous,,,143.107.110.226,0,2016-08-03 10:24:29,2016-08-03 10:36:12,1,1,1,,1,2,2,1,,,,,,,,,6,1,37,37,38,38,38,38,39,37,38,1,,,,,2,,,,1,2,3,1,1,1,1,1,,,,1,16,16,13,14,15,13,13,15,14,16,,,1,"git, eclipse",2,25,25,24,23,23,25,,,5,2,3,1,2,4,1,-23.473297119141,-46.665802001953,-1,
R_3nNlDrgKr8329p8,Default Response Set,Anonymous,,,189.120.126.131,0,2016-08-03 10:54:44,2016-08-03 11:00:30,1,1,1,,1,2,2,1,,,,,,,,,5,1,37,39,38,37,37,40,36,36,37,1,,,,,3,,,,,,,3,,,,,,,,1,14,16,13,13,15,13,16,13,16,14,,,1,,2,23,23,22,22,22,24,,,3,1,4,4,3,5,2,-23.473297119141,-46.665802001953,-1,
R_1QgYL9bfzS6dy5l,Default Response Set,Anonymous,,,201.6.129.200,0,2016-08-03 11:09:54,2016-08-03 11:30:39,1,1,1,,2,2,3,1,,,,,,,,1,5,1,37,37,40,36,40,36,39,36,40,,,1,,,1,1,2,4,,,,3,,,,,,,,1,17,17,15,17,16,14,15,17,17,17,,,1,Emacs + Ediff + Git-time-machine,4,26,26,24,24,26,26,,,4,1,1,5,3,5,1,-23.473297119141,-46.665802001953,-1,
R_2rwLn7hPDcWm6Hx,Default Response Set,Anonymous,,,187.113.130.147,0,2016-08-03 11:32:37,2016-08-03 11:39:13,1,1,1,,4,2,3,1,1,,,,,,,1,2,1,38,38,39,38,38,38,38,37,40,1,1,1,,,1,2,3,4,,,,2,,1,,1,1,,,1,16,16,16,16,16,16,14,16,16,16,,,1,"merge utilty - winmerge, integrated tool in ide",2,24,24,24,24,24,24,,,3,4,4,4,4,4,4,-23.183303833008,-46.86669921875,-1,
R_3h4uWlMm9BMVyMO,Default Response Set,Anonymous,,,54.240.196.171,0,2016-08-03 11:36:41,2016-08-03 11:40:46,1,1,1,,1,2,3,1,,,,,,,,,5,1,39,39,39,38,39,37,38,38,38,1,,1,,,1,3,4,4,,,,2,,1,,1,,,,1,16,16,15,15,16,15,15,16,14,16,,,1,I usually try to just replay my or their commits manually before retrying a merge/rebase (git) to minimize the conflict.,1,24,24,22,22,22,23,,,2,3,4,3,4,4,3,47.610305786133,-122.33409881592,-1,
R_3kvowXGwlsFocxX,Default Response Set,Anonymous,,,143.107.45.11,0,2016-08-03 11:12:57,2016-08-03 11:59:28,1,1,2,,1,2,2,1,,,,,,,,,5,1,37,38,38,38,38,37,38,38,38,1,,1,,,1,1,2,3,,,,2,1,1,1,,,,,1,16,15,15,16,15,15,16,15,15,16,,,1,meld,4,26,25,25,24,24,23,,,3,2,2,2,3,2,2,-23.473297119141,-46.665802001953,-1,
R_8k6ukyEiCtsOHE9,Default Response Set,Anonymous,,,201.13.146.198,0,2016-08-03 11:55:07,2016-08-03 12:03:33,1,1,1,,2,3,2,1,1,,1,1,,,1,,5,1,38,40,39,40,37,37,38,36,38,1,1,,,,2,,,,1,3,4,1,,1,1,1,,,,1,17,16,13,14,14,14,16,15,16,17,2,,1,"git, atom, vim, github",3,26,24,23,22,23,26,,,4,2,5,5,3,5,2,-23.699996948242,-46.61669921875,-1,
R_3plo9yPNL4FgjF7,Default Response Set,Anonymous,,,179.191.96.102,0,2016-08-03 12:53:10,2016-08-03 12:59:57,1,1,1,,2,2,2,1,,,,,,,1,1,2,1,38,40,40,39,39,38,39,37,38,,,1,,,2,,,,2,4,5,2,,1,,1,,,,1,16,17,16,17,16,16,17,17,17,15,,,1,WinMerge,3,26,26,25,25,23,23,,,3,5,4,4,5,4,4,-23.473297119141,-46.665802001953,-1,
R_ZDDbTScsyjAGfVT,Default Response Set,Anonymous,,,200.155.187.2,0,2016-08-03 13:02:59,2016-08-03 13:12:42,1,1,1,,2,2,2,1,,,,,1,Data scientist,,,5,1,40,37,38,38,38,39,37,40,38,1,1,,,,2,,,,1,3,4,3,,,,,,,,1,17,16,17,14,17,17,15,16,17,15,,,1,"Meld,gitg,gitkraken",2,26,26,26,25,25,26,,,4,4,5,4,4,3,4,-23.473297119141,-46.665802001953,-1,
R_3G0t6JRilVnsyhu,Default Response Set,Anonymous,,,200.155.187.2,0,2016-08-03 13:17:42,2016-08-03 13:32:28,1,1,1,,3,3,3,,,,,,1,Middle FullStack Developer,,,6,1,38,38,38,37,38,39,37,38,37,1,1,1,,,2,,,,1,3,4,3,,,,,,,,1,14,15,15,13,15,15,14,14,14,14,,,1,WinMerge and Gitbash,2,25,25,24,24,23,24,,,3,4,4,4,4,5,3,-23.473297119141,-46.665802001953,-1,
R_xgC1sYokBrQuD29,Default Response Set,Anonymous,,,186.220.237.168,0,2016-08-03 14:20:27,2016-08-03 14:24:33,1,1,1,,1,2,2,1,,,,,,,,,1,1,37,38,37,38,39,40,39,38,38,,,1,,,2,,,,2,3,4,3,,,,,,,,1,15,15,13,16,14,13,14,14,15,17,,,1,"text editor, terminal, database importer, binary generators",4,24,24,24,24,24,25,,,4,2,3,1,3,3,3,-23.473297119141,-46.665802001953,-1,
R_2eOvbHY6SopHZ4Q,Default Response Set,Anonymous,,,177.32.82.212,0,2016-08-03 14:33:16,2016-08-03 14:56:15,1,1,1,,1,2,2,1,,,,,,,,1,2,1,36,38,40,38,40,37,40,40,40,1,1,1,,,1,1,2,4,,,,3,,,,,,,,1,17,17,16,14,16,17,13,17,14,17,,,1,"tig, 3-way diffs generated by git, sublime text 3.",1,26,26,26,26,26,26,,,5,1,4,4,2,1,1,-23.473297119141,-46.665802001953,-1,
R_2viba6QsMaStFqj,Default Response Set,Anonymous,,,128.193.154.150,0,2016-07-27 16:54:09,2016-07-27 16:54:35,0,1,1,,3,1,1,1,,,,,,,,,5,,,,,,,,,,,,,,,,,,,,,,,,,,,,,,,,,,,,,,,,,,,,,,,,,,,,,,,,,,,,,,,,-1,
R_2zA3Hr2pbykY0wz,Default Response Set,Anonymous,,,173.14.235.10,0,2016-07-27 17:35:51,2016-07-27 17:36:00,0,1,,,,,,,,,,,,,,,,,,,,,,,,,,,,,,,,,,,,,,,,,,,,,,,,,,,,,,,,,,,,,,,,,,,,,,,,,,,,,,,-1,
R_2dVXllKWKvffsPv,Default Response Set,Anonymous,,,216.252.201.13,0,2016-07-27 17:33:06,2016-07-27 17:36:09,0,1,1,,1,2,3,1,,,,,,,,,3,1,38,39,39,37,39,37,39,36,37,1,,1,,,1,2,3,4,,,,1,1,,1,1,,1,They dont speak ENGLISH!,1,15,16,14,15,14,14,14,14,15,16,,,,,,,,,,,,,,,,,,,,,,,-1,
R_PHXKbOXe7sCKg3D,Default Response Set,Anonymous,,,146.115.43.80,0,2016-07-27 18:10:45,2016-07-27 18:11:23,0,1,,,,,,,,,,,,,,,,,,,,,,,,,,,,,,,,,,,,,,,,,,,,,,,,,,,,,,,,,,,,,,,,,,,,,,,,,,,,,,,-1,
R_1QnFZfR9FZJkzUx,Default Response Set,Anonymous,,,177.19.110.180,0,2016-08-03 18:25:23,2016-08-03 18:32:32,1,1,1,,2,1,2,1,,,,,,,,,5,1,38,39,37,37,38,37,37,38,38,1,,,,,1,,,,,,,2,,1,,,,,,1,16,16,16,16,15,16,14,14,16,16,,,1,,1,23,22,22,22,22,22,,,2,2,2,4,2,3,2,-8.0500030517578,-34.899993896484,-1,
R_4ZuxrKhtN2jX6md,Default Response Set,Anonymous,,,186.212.104.202,0,2016-08-03 18:35:06,2016-08-03 18:42:39,1,1,,,,,,,,,,,,,,,,1,,,,,,,,,,,,,,,,,,,,,,,,,,,,,,1,,,,,,,,,,,,,1,,,,,,,,,,,,,,,,,,-8.0500030517578,-34.899993896484,-1,
R_emOQgfMffAi0PUl,Default Response Set,Anonymous,,,186.212.104.202,8,2016-08-03 18:45:08,2016-08-03 18:49:53,1,1,,,,,,,,,,,,,,,,1,,,,,,,,,,,,,,,,,,,,,,,,,,,,,,1,,,,,,,,,,,,,1,,,,,,,,,,,,,,,,,,-8.0500030517578,-34.899993896484,-1,
R_1llTr9cw3Z4LXWg,Default Response Set,Anonymous,,,204.28.118.147,0,2016-07-27 18:54:02,2016-07-27 18:54:56,0,1,1,,2,2,2,1,,,,,,,,,3,,,,,,,,,,,,,,,,,,,,,,,,,,,,,,,,,,,,,,,,,,,,,,,,,,,,,,,,,,,,,,,,-1,
R_2qaSBTdVhEv6u6p,Default Response Set,Anonymous,,,168.227.219.235,0,2016-08-03 20:10:19,2016-08-03 20:17:52,1,1,2,,1,2,3,1,,,,,,,,,2,1,38,38,39,39,39,37,38,37,38,,1,1,,,1,2,3,4,,,,2,,,1,,1,,,1,16,16,15,15,16,15,15,15,15,15,,,1,"Git, IntelliJ IDE",2,26,25,25,24,23,24,,,3,2,4,4,4,4,3,-22.830505371094,-43.219192504883,-1,
R_3hsFfluiUuYQUJc,Default Response Set,Anonymous,,,107.77.227.67,0,2016-07-27 22:28:46,2016-07-27 22:29:06,0,1,,,,,,,,,,,,,,,,,,,,,,,,,,,,,,,,,,,,,,,,,,,,,,,,,,,,,,,,,,,,,,,,,,,,,,,,,,,,,,,-1,
R_10wT1xoV3cIfW5l,Default Response Set,Anonymous,,,24.227.212.130,0,2016-07-28 00:41:52,2016-07-28 00:42:39,0,1,1,,2,3,2,1,,,,,,,,,3,,,,,,,,,,,,,,,,,,,,,,,,,,,,,,,,,,,,,,,,,,,,,,,,,,,,,,,,,,,,,,,,-1,
R_2SqN6moA3tXlng8,Default Response Set,Anonymous,,,62.58.66.150,0,2016-08-04 00:45:06,2016-08-04 00:48:19,1,1,5,,3,3,4,,,,,,,,,1,2,1,37,38,38,38,38,39,38,40,38,,,1,,,1,2,3,4,,,,2,1,,,1,,,,1,16,15,14,16,16,14,17,17,16,16,,,1,"Gitlab, commandline diff tooling.",3,24,24,24,24,24,24,24,,4,4,4,4,3,3,3,52.346298217773,4.9304962158203,-1,
R_9ZbXGco4T0O51Dz,Default Response Set,Anonymous,,,83.51.59.197,0,2016-08-04 00:44:48,2016-08-04 00:53:54,1,1,1,,4,3,3,1,,,,1,,,1,1,2,1,38,38,38,38,37,39,38,37,39,,,1,,,1,,,,,,,1,1,1,1,1,,,,1,17,17,16,17,17,17,15,16,17,16,1,Too much complexity involved due to incompatible dependences. ,1,Xdiff ,2,24,23,23,22,23,25,24,,3,4,5,4,5,5,5,37.382400512695,-5.9761047363281,-1,
R_1jV9drRscpkRgH8,Default Response Set,Anonymous,,,92.90.17.44,0,2016-08-04 01:38:09,2016-08-04 01:46:50,1,1,1,,4,2,4,1,,,,,,,1,,5,1,37,39,39,38,39,39,40,40,39,1,,,,,1,2,4,5,,,,3,,,,,,,,1,16,17,17,17,17,15,17,17,17,17,,,1,K3diff,2,25,25,23,23,22,24,,,3,4,4,5,5,5,5,48.858200073242,2.3386993408203,-1,
R_2lSzV8ITMME6K3P,Default Response Set,Anonymous,,,50.135.218.109,0,2016-08-04 01:37:54,2016-08-04 01:47:34,1,1,1,,4,2,4,1,,1,,,,,1,1,3,1,37,37,39,39,39,38,37,38,38,,1,,,,2,,,,2,3,4,3,,,,,,,,1,14,16,13,14,17,16,16,14,14,14,,,1,"vim, IntelliJ, git",1,26,25,26,24,26,26,,,5,,,,,,,47.620101928711,-122.14080047607,-1,
R_0IKlo7yj1Y9txRf,Default Response Set,Anonymous,,,94.210.198.222,0,2016-08-04 01:45:45,2016-08-04 01:50:00,1,1,1,,1,2,2,1,,,,,,,1,,5,1,38,38,39,38,39,37,38,40,39,,,1,,,1,2,3,4,,,,2,1,,,,1,,,1,16,16,17,16,17,16,17,17,15,16,,,1,"Normal code editor, Kaleidoscope merge tool, sometimes kdiff3",2,25,25,25,24,24,25,,,3,3,3,4,4,5,3,52.093795776367,5.1190948486328,-1,
R_2dXtmF3U4Q4Kn36,Default Response Set,Anonymous,,,179.204.241.196,0,2016-08-04 02:49:05,2016-08-04 02:55:23,1,1,1,,2,2,3,1,,1,,,,,,1,5,1,38,38,37,38,38,37,37,37,39,1,,,,,1,2,3,4,,,,2,,,,1,,,,1,15,16,14,16,14,14,14,15,17,14,,,1,"IntellJ, Git Kranker",2,25,25,25,25,23,23,22,,4,4,4,3,4,4,5,-22.830505371094,-43.219192504883,-1,
R_2PCkgZrJ6lWMh6A,Default Response Set,Anonymous,,,31.161.178.45,0,2016-08-04 02:58:55,2016-08-04 03:05:10,1,1,1,,4,2,2,1,1,,,,,,1,1,2,1,37,38,39,39,39,38,39,39,39,,1,,,,1,,,,,,,1,,1,,,,,,1,16,16,15,16,16,16,15,16,16,16,,,1,"Kdiff3, git diff, diff tool of IDE ",2,25,25,24,23,22,24,,,4,4,4,4,4,3,4,52.382400512695,4.8995056152344,-1,
R_eRJf0lvIM73ZwGZ,Default Response Set,Anonymous,,,86.162.90.166,0,2016-08-04 03:25:17,2016-08-04 03:31:36,1,1,1,,2,3,2,1,,,,,,,1,,2,1,38,39,39,37,37,39,40,38,40,1,1,1,,,2,,,,2,3,4,1,1,1,,1,,,,1,17,16,16,16,17,15,14,16,15,16,,,1,"Git, SourceTree, DiffMerge, Email/Phone",1,26,26,26,25,24,26,,,5,2,4,4,3,5,2,50.86979675293,-1.3108978271484,-1,
R_2aRVPuPFAdHrxTo,Default Response Set,Anonymous,,,177.34.106.144,0,2016-08-04 05:37:33,2016-08-04 05:39:17,1,1,,,,,,,,,,,,,,,,1,,,,,,,,,,,,,,,,,,,,,,,,,,,,,,1,,,,,,,,,,,,,1,,,,,,,,,,,,,,,,,,-8.0500030517578,-34.899993896484,-1,
R_1mVPcI2dLWYqdb1,Default Response Set,Anonymous,,,177.32.82.212,0,2016-08-04 05:39:45,2016-08-04 05:49:47,1,1,,,1,2,2,1,,,,,,,,,2,1,37,37,37,37,37,36,37,37,38,1,1,1,,,1,2,3,4,,,,3,,,,,,,,1,15,14,14,14,15,15,14,15,13,15,,,1,"GitKraken, text editor",1,26,25,24,24,23,25,,,3,4,4,4,4,4,3,-23.473297119141,-46.665802001953,-1,
R_2tgwPVg2qRvgHz7,Default Response Set,Anonymous,,,24.156.77.93,0,2016-07-28 07:05:09,2016-07-28 07:08:09,0,1,1,,1,1,1,1,,,,,,,,,2,1,37,37,38,38,37,,37,,37,,,1,,,2,,,,5,2,4,1,,,,1,,,,,,,,,,,,,,,,,,,,,,,,,,,,,,,,,,,,,-1,
R_3ea83Re43A9qnM5,Default Response Set,Anonymous,,,2.206.3.153,0,2016-08-04 09:18:43,2016-08-04 09:28:11,1,1,1,,2,2,2,1,,,,1,,,1,,2,1,37,37,37,37,38,36,37,38,39,,1,,,,1,1,3,4,,,,3,,,,,,,,1,17,17,15,14,17,14,15,14,16,17,2,,1,The IDE phpstorm and the terminal,3,26,26,25,24,24,25,,,4,4,5,3,,4,5,51.618301391602,7.9564971923828,-1,
R_1djdBcrT7Ob34Mk,Default Response Set,Anonymous,,,187.97.80.205,0,2016-08-04 09:38:44,2016-08-04 09:46:12,1,1,1,,2,2,3,1,,1,,,,,,,2,1,37,37,37,37,37,38,37,38,38,,,1,,,1,2,3,4,,,,3,,,,,,,,1,16,16,14,16,15,15,14,15,16,16,,,1,"Text editor (any), Github (for history check)",1,26,23,23,23,22,25,,,2,4,3,2,2,4,3,-22.830505371094,-43.219192504883,-1,
R_2zU4soKZGE36SBy,Default Response Set,Anonymous,,,24.22.83.130,0,2016-08-04 10:03:57,2016-08-04 10:14:15,1,1,1,,2,2,2,,1,1,,,,,,,2,1,39,38,40,37,39,37,39,38,38,1,,,,,1,2,3,4,,,,1,,1,,1,,,,1,14,17,16,15,16,17,16,17,14,15,,,1,"Git, P4Merge, and some PowerShell scripts",3,25,24,24,23,22,25,,,4,2,4,4,5,3,5,44.639099121094,-123.27099609375,-1,
R_0W0t4Xt8A3f5uPn,Default Response Set,Anonymous,,,179.111.216.206,0,2016-08-04 10:33:36,2016-08-04 10:42:31,1,1,1,,3,3,4,1,,,,,,,1,1,2,1,37,38,37,37,38,38,37,37,39,,,1,,,2,,,,1,3,2,3,,,,,,,,1,16,15,14,15,15,15,13,15,15,16,,,1,P4merge,1,26,26,25,25,23,23,,,4,4,3,4,4,2,2,-23.473297119141,-46.665802001953,-1,
R_2WHIFgWiXTy1XCH,Default Response Set,Anonymous,,,187.49.238.202,0,2016-08-04 10:46:17,2016-08-04 10:51:41,1,1,1,,1,2,2,1,,,,,,,,,3,1,39,39,40,37,38,36,37,37,40,1,,1,,,1,1,3,4,,,,1,1,,1,1,,,,1,17,15,14,15,17,16,16,15,14,17,,,1,I usually know about the existence of a conflict via Git GUI and then go directly to the conflicting file to change it manually. In the past I used a Emacs plugin to work conflicts out.,2,26,26,25,24,23,25,,,3,3,4,5,5,3,2,-27.583297729492,-48.566696166992,-1,
R_ujGSW7Yp3fwPp4J,Default Response Set,Anonymous,,,80.214.68.227,0,2016-08-04 01:41:20,2016-08-04 11:45:28,1,1,1,,1,2,3,1,,,,,,,,1,5,1,38,39,40,39,40,37,38,37,38,1,,,,,1,1,3,5,,,,3,,,,,,,,1,14,16,14,14,15,15,13,16,14,16,,,1,Git diff,3,24,23,22,22,23,24,,,3,1,4,4,3,2,1,48.858200073242,2.3386993408203,-1,
R_3DdyLAg3q3zdbwo,Default Response Set,Anonymous,,,70.211.0.79,0,2016-07-28 13:07:02,2016-07-28 13:07:41,0,1,1,,4,2,2,1,1,1,1,1,,,1,1,7,,,,,,,,,,,,,,,,,,,,,,,,,,,,,,,,,,,,,,,,,,,,,,,,,,,,,,,,,,,,,,,,-1,
R_2TtKUCSy2csNBO8,Default Response Set,Anonymous,,,62.72.192.115,0,2016-08-04 13:10:42,2016-08-04 14:10:45,1,1,1,,4,2,2,1,,,,,,,,,5,1,37,37,38,37,38,39,37,36,39,,1,,,,2,,,,1,2,3,3,,,,,,,,1,16,17,16,14,17,17,14,15,15,15,,,1,"IntelliJ, TortoiseSVN, WinMerge",3,26,26,25,25,25,25,,,4,4,4,3,2,2,4,52.382400512695,4.8995056152344,-1,
R_3O9CrX8M26lvJUx,Default Response Set,Anonymous,,,177.139.156.225,0,2016-08-04 16:19:52,2016-08-04 18:04:34,1,1,2,,2,2,3,1,,,,1,1,Agile Coach,1,1,2,1,36,37,40,38,39,40,38,38,40,,,1,,,1,2,2,4,,,,3,,,,,,,,1,14,17,13,15,14,13,17,15,13,15,1,"There were many such situations. What I have seen happen more often is the use of new language features, that weren't available on the old version.",1,My regular IDE and bash diffs,2,26,25,25,25,23,22,,,2,2,4,4,2,2,3,-23.473297119141,-46.665802001953,-1,
R_1pWMHdUTnpH1y4A,Default Response Set,Anonymous,,,157.158.43.239,0,2016-07-29 08:24:25,2016-07-29 08:26:38,0,1,1,,2,2,5,1,,,,,,,,1,3,,,,,,,,,,,,,,,,,,,,,,,,,,,,,,,,,,,,,,,,,,,,,,,,,,,,,,,,,,,,,,,,-1,
R_1n6eKU0aq8crgvW,Default Response Set,Anonymous,,,143.107.45.11,0,2016-08-05 09:18:18,2016-08-05 09:26:45,1,1,1,,1,1,2,1,,,,,,,,,2,1,37,37,36,37,37,36,37,37,37,,1,,,,3,,,,,,,2,,1,,,,,,1,15,16,16,16,16,15,14,14,15,15,,,1,I use my IDE (Pycharm).,2,25,25,25,25,25,25,,,2,3,3,3,3,4,4,-23.473297119141,-46.665802001953,-1,
R_1hVZqdXhGsNH6Vc,Default Response Set,Anonymous,,,177.83.8.60,0,2016-08-06 07:24:32,2016-08-06 07:33:29,1,1,1,,3,2,2,1,,,,,,,1,,4,1,37,38,39,39,40,37,39,39,40,,,1,,,2,,,,2,3,4,2,,1,,1,,,,1,16,16,16,16,16,16,14,17,14,16,,,1,"Meld, Gitkraken, PyCharm",3,26,25,24,24,24,26,24,,4,4,4,4,4,4,3,-20.449996948242,-54.61669921875,-1,
R_3KH2ZSvN9UhhSMV,Default Response Set,Anonymous,,,79.205.242.76,0,2016-08-08 03:43:05,2016-08-08 03:43:47,1,1,,,,,,,,,,,,,,,,1,,,,,,,,,,,,,,,,,,,,,,,,,,,,,,1,,,,,,,,,,,,,1,,,,,,,,,,,,,,,,,,52.516693115234,13.399993896484,-1,
R_3flyaTSac7CF5K4,Default Response Set,Anonymous,,,54.240.196.171,0,2016-08-08 14:28:54,2016-08-08 14:29:26,1,1,1,,1,2,2,1,,,,,,,,,3,1,,,,,,,,,,,,,,,,,,,,,,,,,,,,,,1,,,,,,,,,,,,,1,,,,,,,,,,,,,,,,,,47.610305786133,-122.33409881592,-1,
R_32PAxTVFjYfbhGE,Default Response Set,Anonymous,,,54.240.196.185,0,2016-08-09 08:59:59,2016-08-09 09:03:32,1,1,1,,2,2,3,1,1,,,,,,,,5,1,38,39,40,37,39,36,38,37,36,,,1,,,2,,,,1,2,4,3,,,,,,,,1,15,16,13,15,14,13,13,14,15,16,,,1,"vim, intellij",2,25,25,24,24,23,25,,,4,2,3,3,3,2,2,47.610305786133,-122.33409881592,-1,
R_2TAcuUOgnU4mD1h,Default Response Set,Anonymous,,,128.193.154.237,0,2016-07-29 11:30:16,2016-08-02 13:27:28,0,1,,,,,,,,,,,,,,,,,,,,,,,,,,,,,,,,,,,,,,,,,,,,,,,,,,,,,,,,,,,,,,,,,,,,,,,,,,,,,,,-1,
R_24P0d4I9aC8n1gS,Default Response Set,Anonymous,,,72.21.198.69,0,2016-08-02 13:38:50,2016-08-02 13:40:19,0,1,,,,,,,,,,,,,,,,,,,,,,,,,,,,,,,,,,,,,,,,,,,,,,,,,,,,,,,,,,,,,,,,,,,,,,,,,,,,,,,-1,
R_2CCw2nQryBMnHcw,Default Response Set,Anonymous,,,54.240.196.185,0,2016-08-02 13:45:06,2016-08-02 13:45:12,0,1,,,,,,,,,,,,,,,,,,,,,,,,,,,,,,,,,,,,,,,,,,,,,,,,,,,,,,,,,,,,,,,,,,,,,,,,,,,,,,,-1,
R_pttHXAtHm3OhUdj,Default Response Set,Anonymous,,,54.240.196.169,0,2016-08-02 13:49:36,2016-08-02 13:49:55,0,1,,,,,,,,,,,,,,,,,,,,,,,,,,,,,,,,,,,,,,,,,,,,,,,,,,,,,,,,,,,,,,,,,,,,,,,,,,,,,,,-1,
R_30q1PdTYPr538ty,Default Response Set,Anonymous,,,54.240.196.170,0,2016-08-02 13:47:35,2016-08-02 13:49:57,0,1,2,,1,3,2,1,,,,,,,,,2,1,40,38,39,38,39,38,39,38,37,1,1,1,,,1,2,3,4,,,,1,1,1,1,1,1,,,,,,,,,,,,,,,,,,,,,,,,,,,,,,,,,,,,-1,
R_1FCWeY0dmJ7nr6G,Default Response Set,Anonymous,,,54.240.196.170,0,2016-08-02 13:47:57,2016-08-02 13:49:59,0,1,,,,,,,,,,,,,,,,,,,,,,,,,,,,,,,,,,,,,,,,,,,,,,,,,,,,,,,,,,,,,,,,,,,,,,,,,,,,,,,-1,
R_2RanEDjhAgSeVQl,Default Response Set,Anonymous,,,54.240.196.186,0,2016-08-02 13:52:34,2016-08-02 13:52:47,0,1,,,,,,,,,,,,,,,,,,,,,,,,,,,,,,,,,,,,,,,,,,,,,,,,,,,,,,,,,,,,,,,,,,,,,,,,,,,,,,,-1,
R_3pseQwfpEDOGYrD,Default Response Set,Anonymous,,,54.240.196.169,0,2016-08-02 14:01:12,2016-08-02 14:04:22,0,1,1,,1,3,2,1,,,,,,,,,4,1,37,37,37,37,36,38,36,36,36,,1,,,,2,,,,1,3,4,3,,,,,,,,,,,,,,,,,,,,,,,,,,,,,,,,,,,,,,,,,-1,
R_2wNpiANHTt4D5p5,Default Response Set,Anonymous,,,54.240.196.186,8,2016-08-02 14:05:50,2016-08-02 14:06:14,0,1,,,,,,,,,,,,,,,,,,,,,,,,,,,,,,,,,,,,,,,,,,,,,,,,,,,,,,,,,,,,,,,,,,,,,,,,,,,,,,,-1,
R_51hMBO3XwcYx1n3,Default Response Set,Anonymous,,,54.240.196.170,0,2016-08-02 14:21:11,2016-08-02 14:21:33,0,1,,,,,,,,,,,,,,,,,,,,,,,,,,,,,,,,,,,,,,,,,,,,,,,,,,,,,,,,,,,,,,,,,,,,,,,,,,,,,,,-1,
R_x8YyKlURLBDbvcR,Default Response Set,Anonymous,,,54.240.196.186,8,2016-08-02 14:21:12,2016-08-02 14:21:33,0,1,,,,,,,,,,,,,,,,,,,,,,,,,,,,,,,,,,,,,,,,,,,,,,,,,,,,,,,,,,,,,,,,,,,,,,,,,,,,,,,-1,
R_SNR5N5Z0gXWNHgd,Default Response Set,Anonymous,,,54.240.196.186,0,2016-08-02 14:23:32,2016-08-02 14:24:24,0,1,1,,1,2,2,1,,,,,,,,,3,,,,,,,,,,,,,,,,,,,,,,,,,,,,,,,,,,,,,,,,,,,,,,,,,,,,,,,,,,,,,,,,-1,
R_25yeYgPZLNwQkXF,Default Response Set,Anonymous,,,54.240.196.169,0,2016-08-02 14:33:50,2016-08-02 14:34:03,0,1,,,,,,,,,,,,,,,,,,,,,,,,,,,,,,,,,,,,,,,,,,,,,,,,,,,,,,,,,,,,,,,,,,,,,,,,,,,,,,,-1,
R_3NOfsVGo8Dbdo1Z,Default Response Set,Anonymous,,,54.240.196.170,0,2016-08-02 14:33:24,2016-08-02 14:34:23,0,1,1,,1,2,4,1,,,,,,,,,5,,,,,,,,,,,,,,,,,,,,,,,,,,,,,,,,,,,,,,,,,,,,,,,,,,,,,,,,,,,,,,,,-1,
R_R98oGEza3zL2zDj,Default Response Set,Anonymous,,,54.240.196.170,0,2016-08-02 14:36:17,2016-08-02 14:37:12,0,1,1,,1,2,2,1,,,,,,,,,3,,,,,,,,,,,,,,,,,,,,,,,,,,,,,,,,,,,,,,,,,,,,,,,,,,,,,,,,,,,,,,,,-1,
R_2ZTxHr5JbUBZSS1,Default Response Set,Anonymous,,,54.240.196.171,0,2016-08-02 14:36:49,2016-08-02 14:39:52,0,1,1,,1,2,3,1,,,,,,,,,5,,,,,,,,,,,,,,,,,,,,,,,,,,,,,,,,,,,,,,,,,,,,,,,,,,,,,,,,,,,,,,,,-1,
R_1igFp6UFXdJXIkY,Default Response Set,Anonymous,,,54.240.196.186,0,2016-08-02 14:42:15,2016-08-02 14:42:49,0,1,5,,2,2,3,1,,,,,,,,1,6,,,,,,,,,,,,,,,,,,,,,,,,,,,,,,,,,,,,,,,,,,,,,,,,,,,,,,,,,,,,,,,,-1,
R_vB5iv4KYeDcIZ1v,Default Response Set,Anonymous,,,54.240.196.170,0,2016-08-02 14:42:31,2016-08-02 14:43:16,0,1,1,,1,2,2,1,,,,,,,,1,5,,,,,,,,,,,,,,,,,,,,,,,,,,,,,,,,,,,,,,,,,,,,,,,,,,,,,,,,,,,,,,,,-1,
R_30uidP2XvOmU3l5,Default Response Set,Anonymous,,,54.240.196.169,8,2016-08-02 14:43:46,2016-08-02 14:44:01,0,1,,,,,,,,,,,,,,,,,,,,,,,,,,,,,,,,,,,,,,,,,,,,,,,,,,,,,,,,,,,,,,,,,,,,,,,,,,,,,,,-1,
R_0d2QA01DrsFXfHP,Default Response Set,Anonymous,,,54.240.196.186,0,2016-08-02 14:50:03,2016-08-02 14:54:09,0,1,1,,2,2,3,1,1,,,,,,1,,5,,,,,,,,,,,,,,,,,,,,,,,,,,,,,,,,,,,,,,,,,,,,,,,,,,,,,,,,,,,,,,,,-1,
R_22PlEgwJWwBB3Gk,Default Response Set,Anonymous,,,54.240.196.169,0,2016-08-02 14:55:00,2016-08-02 14:55:39,0,1,1,,1,2,2,1,,,,,,,1,,2,,,,,,,,,,,,,,,,,,,,,,,,,,,,,,,,,,,,,,,,,,,,,,,,,,,,,,,,,,,,,,,,-1,
R_1lgitNWq5QPvmF5,Default Response Set,Anonymous,,,54.240.196.171,0,2016-08-02 14:54:44,2016-08-02 14:55:58,0,1,1,,1,2,2,1,,,,,,,,,4,,,,,,,,,,,,,,,,,,,,,,,,,,,,,,,,,,,,,,,,,,,,,,,,,,,,,,,,,,,,,,,,-1,
R_1NCE3x6wr7Bc4CL,Default Response Set,Anonymous,,,54.240.196.171,0,2016-08-02 15:27:13,2016-08-02 15:27:27,0,1,,,,,,,,,,,,,,,,,,,,,,,,,,,,,,,,,,,,,,,,,,,,,,,,,,,,,,,,,,,,,,,,,,,,,,,,,,,,,,,-1,
R_3soy27B4HnW8fAt,Default Response Set,Anonymous,,,54.240.196.186,0,2016-08-02 15:03:42,2016-08-02 15:33:40,0,1,,,,,,,,,,,,,,,,,,,,,,,,,,,,,,,,,,,,,,,,,,,,,,,,,,,,,,,,,,,,,,,,,,,,,,,,,,,,,,,-1,
R_1dgmiZnuXeWiFO8,Default Response Set,Anonymous,,,54.240.196.171,0,2016-08-02 15:49:46,2016-08-02 15:50:26,0,1,1,,3,3,4,1,,,,,,,,,5,,,,,,,,,,,,,,,,,,,,,,,,,,,,,,,,,,,,,,,,,,,,,,,,,,,,,,,,,,,,,,,,-1,
R_3Pns6fIuj0PuQNO,Default Response Set,Anonymous,,,54.240.196.186,0,2016-08-02 17:32:49,2016-08-02 17:33:30,0,1,1,,1,2,2,1,,,,,,,,,6,,,,,,,,,,,,,,,,,,,,,,,,,,,,,,,,,,,,,,,,,,,,,,,,,,,,,,,,,,,,,,,,-1,
R_2zI0AltYIFxybqc,Default Response Set,Anonymous,,,54.240.196.170,0,2016-08-02 17:40:07,2016-08-02 17:42:47,0,1,1,,2,2,3,1,,,,,,,,,6,1,37,37,37,37,37,37,37,36,36,,,1,,,1,1,2,4,,,,3,,,,,,,,,,,,,,,,,,,,,,,,,,,,,,,,,,,,,,,,,-1,
R_3p5z1G4WS9SRML1,Default Response Set,Anonymous,,,143.107.52.211,0,2016-08-03 10:09:02,2016-08-03 10:10:08,0,1,,,,,,,,,,,,,,,,,,,,,,,,,,,,,,,,,,,,,,,,,,,,,,,,,,,,,,,,,,,,,,,,,,,,,,,,,,,,,,,-1,
R_1ih9749wETgmAiV,Default Response Set,Anonymous,,,143.107.45.30,0,2016-08-03 10:14:48,2016-08-03 10:16:33,0,1,,,,,,,,,,,,,,,,,,,,,,,,,,,,,,,,,,,,,,,,,,,,,,,,,,,,,,,,,,,,,,,,,,,,,,,,,,,,,,,-1,
R_6F5ra4vJvYU05JX,Default Response Set,Anonymous,,,177.148.241.23,0,2016-08-03 10:21:00,2016-08-03 10:21:06,0,1,,,,,,,,,,,,,,,,,,,,,,,,,,,,,,,,,,,,,,,,,,,,,,,,,,,,,,,,,,,,,,,,,,,,,,,,,,,,,,,-1,
R_1NE3vvsijyEelBe,Default Response Set,Anonymous,,,73.133.234.192,0,2016-08-10 10:12:36,2016-08-10 10:22:22,1,1,1,,2,2,3,1,,,,,,,1,,5,1,39,40,40,39,37,37,39,39,37,1,1,,,,2,,,,2,3,5,3,,,,,,,,1,14,16,14,16,14,14,15,16,17,14,,,1,Beyond Compare,2,25,24,24,23,,24,,,3,3,3,1,1,1,1,39.343002319336,-76.68579864502,-1,
R_26fropjGe7lYA4u,Default Response Set,Anonymous,,,50.188.145.91,0,2016-08-10 10:36:37,2016-08-10 10:44:07,1,1,1,,2,3,2,1,,,1,1,,,,,5,1,37,37,37,36,36,37,36,37,37,1,,,,,2,,,,2,2,3,2,,1,1,1,,,,1,14,15,14,15,14,14,15,13,14,15,2,,1,,2,,,,,,,,,4,,,,,,,44.639099121094,-123.27099609375,-1,
R_12Rus21hYzQjNeW,Default Response Set,Anonymous,,,143.107.183.158,0,2016-08-03 10:41:14,2016-08-03 10:43:30,0,1,,,,,,,,,,,,,,,,,,,,,,,,,,,,,,,,,,,,,,,,,,,,,,,,,,,,,,,,,,,,,,,,,,,,,,,,,,,,,,,-1,
R_32R8NaKzfq4c2sn,Default Response Set,Anonymous,,,143.107.45.24,0,2016-08-03 10:37:54,2016-08-03 10:47:02,0,1,1,,1,3,1,,,,,,1,None,,,1,1,38,38,38,,40,39,39,39,37,,,1,,,1,3,3,3,,,,1,,,,1,,,,1,14,14,15,17,14,15,14,17,15,14,,,,,,,,,,,,,,,,,,,,,,,-1,
R_2v8QIAUqd4Bxc9U,Default Response Set,Anonymous,,,54.240.196.185,0,2016-08-03 10:50:18,2016-08-03 10:50:50,0,1,1,,1,3,2,1,,,,,,,,,3,,,,,,,,,,,,,,,,,,,,,,,,,,,,,,,,,,,,,,,,,,,,,,,,,,,,,,,,,,,,,,,,-1,
R_2rNKIZMHJtsO6Mi,Default Response Set,Anonymous,,,143.107.45.11,0,2016-08-03 10:46:08,2016-08-03 10:52:33,0,1,,,,,,,,,,,,,,,,,,,,,,,,,,,,,,,,,,,,,,,,,,,,,,,,,,,,,,,,,,,,,,,,,,,,,,,,,,,,,,,-1,
R_3EyDEhugU9vmAim,Default Response Set,Anonymous,,,65.190.5.12,0,2016-08-10 10:53:31,2016-08-10 11:00:22,1,1,,,3,2,2,1,,,,1,,,,,3,1,38,37,40,36,38,36,36,38,37,,,1,,,3,,,,,,,1,,1,,1,,1,"Tool issues. For example, in Eclipse, some static analysis fixes might re-order the imports to make them alphabetic. But this introduces a spurious change into the commit. So you have to be extra careful about what tools or fixes you can apply, even when static analysis recommends them.",1,15,17,16,14,17,16,14,14,17,14,2,,1,I use Beyond Compare to do the diffing. I also use SourceTree to identify the conflicting files. Sometimes I will need to use the version control system itself (git) and pull the older revision to manually inspect differences. Tools don't make it easy to work with two arbitrary revisions side by side.,3,26,25,22,22,22,26,,,3,4,4,2,3,4,2,35.934097290039,-78.716598510742,-1,
R_1jg1OvxqEF6daDj,Default Response Set,Anonymous,,,143.107.45.30,0,2016-08-03 11:00:19,2016-08-03 11:03:38,0,1,1,,1,1,2,1,,,,,,,,,4,1,40,40,40,40,40,38,40,38,39,1,,1,,,1,2,4,5,,,,1,1,1,1,1,,,,1,17,17,17,17,17,17,17,17,17,16,,,,,,,,,,,,,,,,,,,,,,,-1,
R_1kXt4zZOC4JorCE,Default Response Set,Anonymous,,,177.32.82.212,0,2016-08-03 11:03:25,2016-08-03 11:05:02,0,1,1,,1,2,2,1,,,,,,,1,,4,,,,,,,,,,,,,,,,,,,,,,,,,,,,,,,,,,,,,,,,,,,,,,,,,,,,,,,,,,,,,,,,-1,
R_10SkDM66niPsM0m,Default Response Set,Anonymous,,,138.36.34.30,0,2016-08-03 11:07:05,2016-08-03 11:07:24,0,1,,,,,,,,,,,,,,,,,,,,,,,,,,,,,,,,,,,,,,,,,,,,,,,,,,,,,,,,,,,,,,,,,,,,,,,,,,,,,,,-1,
R_1IhpCEb8hEM1yGl,Default Response Set,Anonymous,,,201.85.54.178,0,2016-08-03 11:12:09,2016-08-03 11:13:24,0,1,1,,1,2,5,1,,,,,,,,,7,,,,,,,,,,,,,,,,,,,,,,,,,,,,,,,,,,,,,,,,,,,,,,,,,,,,,,,,,,,,,,,,-1,
R_3NxMwSsFb6Zboir,Default Response Set,Anonymous,,,200.129.129.2,0,2016-08-03 10:04:19,2016-08-03 11:13:19,0,1,1,,2,1,2,,1,,,,,,,,5,1,38,38,38,39,,37,37,38,39,1,,,,,2,,,,,5,,3,,,,,,,,,,,,,,,,,,,,,,,,,,,,,,,,,,,,,,,,,-1,
R_2BzaLQpw08ysuO4,Default Response Set,Anonymous,,,191.177.186.80,0,2016-08-03 10:01:33,2016-08-03 11:30:50,0,1,,,,,,,,,,,,,,,,,,,,,,,,,,,,,,,,,,,,,,,,,,,,,,,,,,,,,,,,,,,,,,,,,,,,,,,,,,,,,,,-1,
R_1F2Q5AYv9ip9KY1,Default Response Set,Anonymous,,,143.107.45.11,0,2016-08-03 11:46:10,2016-08-03 11:46:33,0,1,,,,,,,,,,,,,,,,,,,,,,,,,,,,,,,,,,,,,,,,,,,,,,,,,,,,,,,,,,,,,,,,,,,,,,,,,,,,,,,-1,
R_9XrwZ5QnNnKHuCZ,Default Response Set,Anonymous,,,54.240.196.185,0,2016-08-03 12:18:13,2016-08-03 12:18:26,0,1,,,,,,,,,,,,,,,,,,,,,,,,,,,,,,,,,,,,,,,,,,,,,,,,,,,,,,,,,,,,,,,,,,,,,,,,,,,,,,,-1,
R_33rS5a2arLs3eQs,Default Response Set,Anonymous,,,179.99.204.56,0,2016-08-03 12:43:04,2016-08-03 12:44:32,0,1,1,,3,2,2,1,1,,,,,,1,,3,,,,,,,,,,,,,,,,,,,,,,,,,,,,,,,,,,,,,,,,,,,,,,,,,,,,,,,,,,,,,,,,-1,
R_zehjnxIahMZwZ1f,Default Response Set,Anonymous,,,104.132.1.88,0,2016-08-10 12:40:17,2016-08-10 12:52:31,1,1,1,,2,3,2,1,,,,,,,,,5,1,37,37,38,37,36,36,38,39,37,,,1,,,1,1,2,4,,,,3,,,,,,,,1,13,16,13,13,13,13,17,13,17,13,,,1,"I do conflict resolution on ""git rebase"", and don't usually do merge at all. / For the conflict resolution, I don't use any particular tool other than bare git and a normal code editor.",1,25,25,24,24,22,25,,,4,4,5,5,2,1,1,37.419204711914,-122.05740356445,-1,
R_3EnkR4BGIeuhsEw,Default Response Set,Anonymous,,,138.226.68.4,0,2016-08-10 10:52:07,2016-08-10 13:18:46,1,1,1,,1,3,2,1,,,,,,,,,6,1,38,39,37,39,38,37,37,37,38,1,,,,,1,1,2,4,,,,1,1,1,,1,,,,1,14,14,14,15,17,16,14,14,15,14,,,1,"Sourcetree, meld (though I don't currently have it configured correctly), text or code editor (texStudio, eclipse, etc)",3,23,23,23,22,22,23,,,3,4,4,3,4,2,2,46.517196655273,-112.12110137939,-1,
R_1mPC3MF4J9WOBmi,Default Response Set,Anonymous,,,186.220.238.218,0,2016-08-03 13:24:37,2016-08-03 13:27:46,0,1,1,,3,1,2,1,,,,,,,1,,2,1,39,38,39,38,40,36,38,38,38,,,1,,,1,2,3,4,,,,1,1,,1,,,,,1,15,17,16,16,17,17,17,15,15,17,,,,,,,,,,,,,,,,,,,,,,,-1,
R_UAsZD4SfmBQgmEF,Default Response Set,Anonymous,,,201.87.124.67,0,2016-08-03 13:43:52,2016-08-03 13:46:25,0,1,1,,1,3,2,1,,,1,1,,,,,4,,,,,,,,,,,,,,,,,,,,,,,,,,,,,,,,,,,,,,,,,,,,,,,,,,,,,,,,,,,,,,,,-1,
R_suvpp1mPdfvuaCl,Default Response Set,Anonymous,,,54.240.196.169,0,2016-08-03 13:49:35,2016-08-03 13:53:46,0,1,1,,2,2,2,1,,,,,,,,,4,1,40,38,39,38,38,39,38,37,38,,,1,,,2,,,,1,2,3,2,,,,,,1,Size of team,1,15,16,14,14,17,15,16,16,15,15,,,,,,,,,,,,,,,,,,,,,,,-1,
R_UQlwtr22lV3k06J,Default Response Set,Anonymous,,,143.107.45.30,0,2016-08-03 14:30:14,2016-08-03 14:32:25,0,1,,,,,,,,,,,,,,,,,,,,,,,,,,,,,,,,,,,,,,,,,,,,,,,,,,,,,,,,,,,,,,,,,,,,,,,,,,,,,,,-1,
R_2rxucnneLt8Y22f,Default Response Set,Anonymous,,,179.111.110.189,0,2016-08-03 14:38:18,2016-08-03 14:38:48,0,1,,,,,,,,,,,,,,,,,,,,,,,,,,,,,,,,,,,,,,,,,,,,,,,,,,,,,,,,,,,,,,,,,,,,,,,,,,,,,,,-1,
R_20O8krpXKANqPSU,Default Response Set,Anonymous,,,177.32.82.212,0,2016-08-03 14:50:31,2016-08-03 14:50:51,0,1,,,,,,,,,,,,,,,,,,,,,,,,,,,,,,,,,,,,,,,,,,,,,,,,,,,,,,,,,,,,,,,,,,,,,,,,,,,,,,,-1,
R_0dERQPw0IpVncid,Default Response Set,Anonymous,,,186.220.237.168,0,2016-08-03 14:55:12,2016-08-03 14:55:53,0,1,,,,,,,,,,,,,,,,,,,,,,,,,,,,,,,,,,,,,,,,,,,,,,,,,,,,,,,,,,,,,,,,,,,,,,,,,,,,,,,-1,
R_2dQjoqTgSVibtWU,Default Response Set,Anonymous,,,191.23.58.171,0,2016-08-03 15:05:22,2016-08-03 15:07:03,0,1,1,,2,2,2,1,,1,1,1,,,1,,5,,,,,,,,,,,,,,,,,,,,,,,,,,,,,,,,,,,,,,,,,,,,,,,,,,,,,,,,,,,,,,,,-1,
R_32JIhCfuHi4yvPM,Default Response Set,Anonymous,,,177.188.237.129,0,2016-08-03 15:41:22,2016-08-03 15:42:43,0,1,1,,1,2,1,,,,,,,,,1,3,,,,,,,,,,,,,,,,,,,,,,,,,,,,,,,,,,,,,,,,,,,,,,,,,,,,,,,,,,,,,,,,-1,
R_3k4YkFbOGCJMCml,Default Response Set,Anonymous,,,54.240.196.186,0,2016-08-03 16:35:27,2016-08-03 16:35:36,0,1,,,,,,,,,,,,,,,,,,,,,,,,,,,,,,,,,,,,,,,,,,,,,,,,,,,,,,,,,,,,,,,,,,,,,,,,,,,,,,,-1,
R_1dozICwVuvu9UKs,Default Response Set,Anonymous,,,177.188.139.242,0,2016-08-03 17:17:12,2016-08-03 17:17:47,0,1,,,,,,,,,,,,,,,,,,,,,,,,,,,,,,,,,,,,,,,,,,,,,,,,,,,,,,,,,,,,,,,,,,,,,,,,,,,,,,,-1,
R_3IcMsGXfsmRgW9O,Default Response Set,Anonymous,,,187.38.5.54,0,2016-08-03 18:25:52,2016-08-03 18:30:06,0,1,1,,2,1,1,1,,1,,,,,,1,4,1,39,39,37,37,39,38,38,38,39,1,1,,,,2,,,,3,3,3,2,,,,,,,,1,15,15,15,15,15,15,15,15,15,15,,,,,,,,,,,,,,,,,,,,,,,-1,
R_6A7HBOtgfOswPlL,Default Response Set,Anonymous,,,71.191.246.176,0,2016-08-10 18:37:08,2016-08-10 18:50:19,1,1,1,,3,2,5,1,,,,,,,,,3,1,37,37,37,37,37,36,37,37,39,,,1,,,1,1,3,4,,,,3,,,,,,,,1,15,16,15,14,15,15,14,15,14,17,,,1,git (cli) / Kaleidoscope / GitUp,2,26,24,24,23,25,25,,,4,2,4,4,4,3,1,39.040893554688,-77.044502258301,-1,
R_2tEWcvJmqiFLOV2,Default Response Set,Anonymous,,,186.212.104.202,0,2016-08-03 19:03:57,2016-08-03 19:36:40,0,1,,,,,,,,,,,,,,,,1,,,,,,,,,,,,,,,,,,,,,,,,,,,,,,1,,,,,,,,,,,,,,,,,,,,,,,,,,,,,,,,,-1,
R_VJBPRhChsn5nQlP,Default Response Set,Anonymous,,,172.78.217.188,0,2016-08-10 21:30:39,2016-08-10 21:35:28,1,1,1,,2,1,3,1,,,,1,,,,,5,1,36,37,36,37,36,36,36,37,39,,,1,,,1,1,1,2,,,,3,,,,,,,,1,13,17,14,15,14,14,13,13,13,15,2,,1,NetBeans and console,1,26,26,26,26,26,26,,,5,1,1,1,1,1,1,47.494003295898,-120.19549560547,-1,
R_3MF2f3qOHcJLcQR,Default Response Set,Anonymous,,,150.100.253.2,0,2016-08-04 00:57:47,2016-08-04 00:58:06,0,1,,,,,,,,,,,,,,,,,,,,,,,,,,,,,,,,,,,,,,,,,,,,,,,,,,,,,,,,,,,,,,,,,,,,,,,,,,,,,,,-1,
R_3MgkwRagIv7l7hN,Default Response Set,Anonymous,,,88.173.87.236,0,2016-08-04 01:09:55,2016-08-04 01:13:09,0,1,1,,4,2,2,1,,,,,,,,1,4,,,,,,,,,,,,,,,,,,,,,,,,,,,,,,,,,,,,,,,,,,,,,,,,,,,,,,,,,,,,,,,,-1,
R_6LFiAkmupAKCQC1,Default Response Set,Anonymous,,,217.118.165.109,0,2016-08-04 01:18:24,2016-08-04 01:18:55,0,1,1,,3,3,3,1,,,,,,,,,2,,,,,,,,,,,,,,,,,,,,,,,,,,,,,,,,,,,,,,,,,,,,,,,,,,,,,,,,,,,,,,,,-1,
R_1gHKCtSWCPI3RRY,Default Response Set,Anonymous,,,134.59.215.253,0,2016-08-04 01:37:07,2016-08-04 01:38:08,0,1,1,,1,3,2,1,,,,,,,,1,2,,,,,,,,,,,,,,,,,,,,,,,,,,,,,,,,,,,,,,,,,,,,,,,,,,,,,,,,,,,,,,,,-1,
R_4HETaOe7Kg8tsKB,Default Response Set,Anonymous,,,92.40.248.31,0,2016-08-04 02:01:07,2016-08-04 02:01:14,0,1,,,,,,,,,,,,,,,,,,,,,,,,,,,,,,,,,,,,,,,,,,,,,,,,,,,,,,,,,,,,,,,,,,,,,,,,,,,,,,,-1,
R_1LXoz1oGp5yJnKo,Default Response Set,Anonymous,,,203.9.153.2,0,2016-08-04 00:47:01,2016-08-04 02:05:11,0,1,1,,4,3,1,1,,,,,,,,,6,,,,,,,,,,,,,,,,,,,,,,,,,,,,,,,,,,,,,,,,,,,,,,,,,,,,,,,,,,,,,,,,-1,
R_2rIoVcGadxjZViD,Default Response Set,Anonymous,,,109.204.231.126,0,2016-08-04 01:13:24,2016-08-04 02:44:30,0,1,,,,,,,,,,,,,,,,,,,,,,,,,,,,,,,,,,,,,,,,,,,,,,,,,,,,,,,,,,,,,,,,,,,,,,,,,,,,,,,-1,
R_2rZKsLIhYityiUF,Default Response Set,Anonymous,,,5.50.14.10,0,2016-08-04 01:35:38,2016-08-04 03:13:38,0,1,1,,2,3,2,1,,,,,,,1,1,2,1,38,38,39,38,39,36,40,38,37,,,1,,,2,,,,1,4,4,3,,,,,,,,,,,,,,,,,,,,,,,,,,,,,,,,,,,,,,,,,-1,
R_33auWtbEYFLbf2I,Default Response Set,Anonymous,,,46.193.160.126,0,2016-08-04 04:17:10,2016-08-04 04:18:10,0,1,1,,5,2,3,1,,,,,,,,,5,,,,,,,,,,,,,,,,,,,,,,,,,,,,,,,,,,,,,,,,,,,,,,,,,,,,,,,,,,,,,,,,-1,
R_1pYCS6kwS9TjSO6,Default Response Set,Anonymous,,,82.108.130.3,0,2016-08-04 06:39:23,2016-08-04 06:40:02,0,1,1,,5,2,4,1,,1,,,,,1,,4,,,,,,,,,,,,,,,,,,,,,,,,,,,,,,,,,,,,,,,,,,,,,,,,,,,,,,,,,,,,,,,,-1,
R_yDtntPUJ8skwYJX,Default Response Set,Anonymous,,,150.161.2.213,0,2016-08-03 18:50:10,2016-08-04 06:47:19,0,1,,,,,,,,,,,,,,,,,,,,,,,,,,,,,,,,,,,,,,,,,,,,,,,,,,,,,,,,,,,,,,,,,,,,,,,,,,,,,,,-1,
R_Q3SAvkVYzHz7QOd,Default Response Set,Anonymous,,,143.107.45.11,0,2016-08-04 07:07:44,2016-08-04 07:08:38,0,1,,,,,,,,,,,,,,,,,,,,,,,,,,,,,,,,,,,,,,,,,,,,,,,,,,,,,,,,,,,,,,,,,,,,,,,,,,,,,,,-1,
R_xDH3wAlmfGOstO1,Default Response Set,Anonymous,,,82.224.1.29,0,2016-08-04 08:33:15,2016-08-04 08:33:41,0,1,,,,,,,,,,,,,,,,,,,,,,,,,,,,,,,,,,,,,,,,,,,,,,,,,,,,,,,,,,,,,,,,,,,,,,,,,,,,,,,-1,
R_27k8JA0Ja56qfaD,Default Response Set,Anonymous,,,201.95.209.247,0,2016-08-04 09:20:30,2016-08-04 09:25:13,0,1,1,,1,2,2,1,,,,,,,,,5,1,36,36,36,36,36,36,37,36,37,,1,,,,1,1,3,4,,,,2,1,1,1,1,1,,,1,14,14,14,15,14,15,15,15,14,14,,,,,,,,,,,,,,,,,,,,,,,-1,
R_25FWoRgS6QC7r3C,Default Response Set,Anonymous,,,67.169.25.225,0,2016-08-11 09:45:18,2016-08-11 09:58:32,1,1,1,,3,1,3,1,1,1,1,1,1,Designer,1,1,3,1,37,38,39,37,39,36,36,39,39,1,,,,,2,,,,2,2,3,3,,,,,,,,1,15,17,14,16,14,14,14,13,14,15,2,,1,"IDE (Atom, Sublime, vi) / git CLI / grep / diff viewer (Kaleidoscope) / High amount of test coverage",1,26,26,26,26,26,26,,,4,2,2,2,3,2,2,37.32389831543,-121.91439819336,-1,
R_3g8g75PFfnoFgg7,Default Response Set,Anonymous,,,179.111.216.206,0,2016-08-04 10:44:06,2016-08-04 10:48:40,0,1,1,,5,2,5,1,,,,,,,,,5,1,37,37,36,37,36,36,37,38,38,1,1,,,,2,,,,1,2,4,1,1,1,1,,1,,,1,15,14,14,14,14,14,14,14,14,14,,,,,,,,,,,,,,,,,,,,,,,-1,
R_20USMWNVsbA24hM,Default Response Set,Anonymous,,,201.37.160.61,0,2016-08-04 10:47:48,2016-08-04 10:48:59,0,1,1,,1,2,2,1,,,,,,,,,5,,,,,,,,,,,,,,,,,,,,,,,,,,,,,,,,,,,,,,,,,,,,,,,,,,,,,,,,,,,,,,,,-1,
R_3pa69vuZpal992z,Default Response Set,Anonymous,,,179.111.216.206,0,2016-08-04 10:49:52,2016-08-04 10:50:06,0,1,,,,,,,,,,,,,,,,,,,,,,,,,,,,,,,,,,,,,,,,,,,,,,,,,,,,,,,,,,,,,,,,,,,,,,,,,,,,,,,-1,
R_xryPeLrobebij3H,Default Response Set,Anonymous,,,177.32.82.212,0,2016-08-04 10:50:22,2016-08-04 10:51:02,0,1,,,,,,,,,,,,,,,,,,,,,,,,,,,,,,,,,,,,,,,,,,,,,,,,,,,,,,,,,,,,,,,,,,,,,,,,,,,,,,,-1,
R_3D62l4Snw4YDB7y,Default Response Set,Anonymous,,,201.48.114.241,0,2016-08-04 10:55:00,2016-08-04 10:55:51,0,1,1,,2,2,2,1,,,,,,,1,,3,,,,,,,,,,,,,,,,,,,,,,,,,,,,,,,,,,,,,,,,,,,,,,,,,,,,,,,,,,,,,,,,-1,
R_30wq3qUNuAE939v,Default Response Set,Anonymous,,,187.113.102.7,0,2016-08-03 17:00:00,2016-08-04 11:23:12,0,1,2,,2,1,1,1,,,,,,,,,6,,,,,,,,,,,,,,,,,,,,,,,,,,,,,,,,,,,,,,,,,,,,,,,,,,,,,,,,,,,,,,,,-1,
R_21hrz9NXk52E73V,Default Response Set,Anonymous,,,186.231.154.99,0,2016-08-04 12:33:31,2016-08-04 12:36:49,0,1,1,,1,1,2,1,,,,,,,,,2,,,,,,,,,,,,,,,,,,,,,,,,,,,,,,,,,,,,,,,,,,,,,,,,,,,,,,,,,,,,,,,,-1,
R_3PAEuSL0AA1ZSub,Default Response Set,Anonymous,,,217.248.160.39,0,2016-08-04 12:35:31,2016-08-04 12:39:26,0,1,1,,3,2,2,1,,,,,,,,,2,1,37,38,39,38,39,37,36,37,39,1,,,,,1,1,2,3,,,,3,,,,,,,,1,14,15,14,16,15,15,13,16,15,17,,,,,,,,,,,,,,,,,,,,,,,-1,
R_866B67myQIYd0TD,Default Response Set,Anonymous,,,88.174.238.182,0,2016-08-04 15:49:22,2016-08-04 15:55:42,0,1,1,,4,3,2,1,,,,1,1,Agile Coach,,,4,1,37,37,37,37,38,36,36,36,36,,1,,,,2,,,,2,3,4,2,1,,1,,1,,,,,,,,,,,,,,,,,,,,,,,,,,,,,,,,,,,,-1,
R_3P7UuL9c8BK6BNI,Default Response Set,Anonymous,,,191.33.111.185,0,2016-08-04 19:01:53,2016-08-04 19:02:06,0,1,,,,,,,,,,,,,,,,,,,,,,,,,,,,,,,,,,,,,,,,,,,,,,,,,,,,,,,,,,,,,,,,,,,,,,,,,,,,,,,-1,
R_2X4gOQUGiXm257C,Default Response Set,Anonymous,,,179.111.216.206,0,2016-08-05 05:14:56,2016-08-05 05:15:11,0,1,,,,,,,,,,,,,,,,,,,,,,,,,,,,,,,,,,,,,,,,,,,,,,,,,,,,,,,,,,,,,,,,,,,,,,,,,,,,,,,-1,
R_2BlJxIAUEidBPWb,Default Response Set,Anonymous,,,179.111.216.206,0,2016-08-05 10:19:42,2016-08-05 12:26:10,0,1,,,,,,,,,,,,,,,,,,,,,,,,,,,,,,,,,,,,,,,,,,,,,,,,,,,,,,,,,,,,,,,,,,,,,,,,,,,,,,,-1,
R_wLebryBjrLTWoVz,Default Response Set,Anonymous,,,134.134.139.76,0,2016-08-12 15:18:41,2016-08-12 15:28:01,1,1,1,,2,3,5,1,,,,,,,,,2,1,37,39,39,38,40,36,40,40,39,1,1,1,,,2,,,,1,3,4,3,,,,,,,,1,15,16,15,16,15,16,16,17,14,16,,,1,I primarily use functionality included with git. Meld is especially nice for viewing directory diffs. Eclipse is my main development environment.,2,25,25,24,23,22,23,,,4,3,2,3,3,4,2,45.523406982422,-122.6762008667,-1,
R_3NWLRu2r7lubnm8,Default Response Set,Anonymous,,,54.240.197.225,0,2016-08-07 08:40:52,2016-08-07 08:44:47,0,1,1,,2,2,2,1,,,,,,,,,5,1,37,37,37,37,37,36,36,36,36,1,,,,,1,1,2,3,,,,3,,,,,,,,,,,,,,,,,,,,,,,,,,,,,,,,,,,,,,,,,-1,
R_3KjP36AG2OpYYPn,Default Response Set,Anonymous,,,69.38.33.34,0,2016-08-15 08:03:50,2016-08-15 08:08:42,1,1,1,,3,2,3,1,,,,,,,,1,2,1,38,37,39,37,38,40,37,36,40,,1,,,,2,,,,2,4,5,3,,,,,,,,1,16,15,17,14,17,16,16,17,14,17,,,1,default osx mergetool / git log,3,26,26,23,22,23,25,,,3,4,5,5,5,5,5,32.800994873047,-79.99690246582,-1,
R_3spRzxYbE2Q9gRT,Default Response Set,Anonymous,,,187.11.123.206,0,2016-08-03 15:31:34,2016-08-08 08:20:31,0,1,,,,,,,,,,,,,,,,,,,,,,,,,,,,,,,,,,,,,,,,,,,,,,,,,,,,,,,,,,,,,,,,,,,,,,,,,,,,,,,-1,
R_1CyIZ8OH8AnHKES,Default Response Set,Anonymous,,,134.134.139.77,0,2016-08-08 09:38:42,2016-08-08 09:39:46,0,1,1,,5,3,2,1,,,,,,,,,6,,,,,,,,,,,,,,,,,,,,,,,,,,,,,,,,,,,,,,,,,,,,,,,,,,,,,,,,,,,,,,,,-1,
R_b8vMcTAQCn4yJZ7,Default Response Set,Anonymous,,,134.134.137.75,0,2016-08-08 10:06:40,2016-08-08 10:08:03,0,1,1,,1,3,2,1,,,,,,,,,5,,,,,,,,,,,,,,,,,,,,,,,,,,,,,,,,,,,,,,,,,,,,,,,,,,,,,,,,,,,,,,,,-1,
R_1HqqDi61PiWdsgC,Default Response Set,Anonymous,,,140.77.13.116,0,2016-08-09 03:06:06,2016-08-09 03:06:30,0,1,,,,,,,,,,,,,,,,,,,,,,,,,,,,,,,,,,,,,,,,,,,,,,,,,,,,,,,,,,,,,,,,,,,,,,,,,,,,,,,-1,
R_3egaXGDh1cbk66B,Default Response Set,Anonymous,,,90.216.134.197,0,2016-08-16 03:47:36,2016-08-16 04:09:52,1,1,1,,1,2,4,1,,,,,,,,,2,1,37,39,37,40,39,36,37,39,40,1,,,,,2,,,,2,3,4,3,,,,,,,,1,17,17,15,17,15,16,15,16,16,17,,,1,meld / github,3,26,24,26,24,25,24,,,3,3,3,3,2,4,3,51.514205932617,-0.093093872070312,-1,
R_31Y2cQPNlXaKanq,Default Response Set,Anonymous,,,103.25.231.101,0,2016-08-16 04:29:58,2016-08-16 04:54:28,1,1,1,,2,2,3,1,,,,1,,,,,5,1,39,38,38,39,38,37,38,38,39,1,1,1,,,1,2,3,4,,,,2,1,1,1,1,1,,,1,16,14,16,16,14,16,16,14,14,16,2,,1,I do it manually with Git/SVN.,2,24,23,23,22,23,24,,,3,4,4,4,4,3,3,28.666702270508,77.216705322266,-1,
R_28RJO3hmXcGt3pg,Default Response Set,Anonymous,,,192.175.27.10,0,2016-08-16 10:28:22,2016-08-16 10:48:39,1,1,1,,6,1,4,1,,,,1,,,1,,2,1,40,38,40,38,39,37,37,37,39,,,1,,,1,2,3,4,,,,1,1,1,1,,,,,1,16,16,17,15,15,16,16,15,15,17,1,"A relatively small feature was desired in the stable version, but the change required a large refactoring change that would have been too risky to backport. So we ended up telling the customer that doing the backport wasn't feasible. ",1,"git, intellij (or emacs if it is an easy fix), and of course lots of unit tests /  / Strong unit tests help provide a lot of confidence that the merge didn't lose functionality.",2,26,26,25,24,24,25,,,4,3,3,3,2,2,2,37.311996459961,-121.96600341797,-1,
R_3fraNIaMWJMpkTK,Default Response Set,Anonymous,,,172.112.8.121,0,2016-08-16 10:27:25,2016-08-16 10:58:54,1,1,1,,6,2,3,1,1,1,,1,,,1,,5,1,38,37,39,38,39,37,39,39,40,1,,,,,2,,,,1,3,4,2,,,1,1,,,,1,15,16,16,16,17,17,15,15,15,15,1,Not in any detail but it has happened.,1,Mercurial / Eclipse HG plugin / Occasionally I use Beyond Compar,4,24,24,24,24,24,24,,,4,4,4,4,4,4,4,34.252105712891,-118.78430175781,-1,
R_2UWpK0hpl89rlA1,Default Response Set,Anonymous,,,206.170.230.200,0,2016-08-16 10:55:44,2016-08-16 11:06:03,1,1,1,,2,2,3,1,1,,1,1,,,,,1,1,40,38,39,37,39,37,39,40,39,1,1,1,,,1,1,3,4,,,,1,1,1,1,1,1,,,1,14,16,16,16,17,17,16,17,16,15,1,All things are possible with limitless budget and time.  Those were however the constraining factor where code that uses newer language techniques would require significant new implementation.,1,"Eclipse, meld, kdiff3",5,25,24,24,23,24,24,,,3,3,5,5,3,2,2,33.708099365234,-117.75959777832,-1,
R_31HheLR5H92zqMb,Default Response Set,Anonymous,,,162.237.204.8,0,2016-08-16 11:05:14,2016-08-16 11:08:56,1,1,1,,4,2,4,1,1,1,1,1,,,1,1,2,1,39,38,40,38,40,36,38,37,40,,,1,,,2,,,,2,3,4,2,1,1,1,1,,,,1,16,17,16,17,17,15,15,16,14,17,2,,1,Beyond Compare,2,25,25,25,25,22,25,,,4,2,5,5,1,3,3,30.50520324707,-97.820297241211,-1,
R_3psDCU4pmbguIm2,Default Response Set,Anonymous,,,192.150.10.201,0,2016-08-16 11:35:52,2016-08-16 11:37:04,1,1,,,,,,,,,,,,,,,,1,,,,,,,,,,,,,,,,,,,,,,,,,,,,,,1,,,,,,,,,,,,,1,,,,,,,,,,,,,,,,,,37.32389831543,-121.91439819336,-1,
R_3MAnqFOsMYOKnm0,Default Response Set,Anonymous,,,130.76.186.16,0,2016-08-16 12:13:08,2016-08-16 12:19:16,1,1,1,,6,2,2,1,1,1,1,1,,,1,,6,1,40,40,38,39,39,37,40,39,39,1,1,1,,,1,2,4,4,,,,1,1,1,1,1,,,,1,16,16,15,17,16,17,16,17,14,15,1,"The new code relied on, for example, specific .NET versions which were not backward compatible",1,SVN / Continuus / GitHub,2,26,24,24,24,24,24,,,3,3,3,3,2,2,3,33.870300292969,-117.92530059814,-1,
R_1OMMrdb9mDYyL9K,Default Response Set,Anonymous,,,128.220.160.131,0,2016-08-10 11:21:08,2016-08-10 11:21:17,0,1,,,,,,,,,,,,,,,,,,,,,,,,,,,,,,,,,,,,,,,,,,,,,,,,,,,,,,,,,,,,,,,,,,,,,,,,,,,,,,,-1,
R_3lTGSsgKqDT4gxz,Default Response Set,Anonymous,,,128.237.177.45,0,2016-08-10 11:33:33,2016-08-10 11:36:29,0,1,1,,2,1,1,1,,,,,,,,,8,,,,,,,,,,,,,,,,,,,,,,,,,,,,,,,,,,,,,,,,,,,,,,,,,,,,,,,,,,,,,,,,-1,
R_3ISIkq1W94CGLzI,Default Response Set,Anonymous,,,128.195.204.135,0,2016-08-16 12:32:33,2016-08-17 12:47:34,1,1,1,,6,1,5,1,,,,,,,1,,4,1,39,38,39,37,38,37,38,39,39,,,1,,,1,3,3,3,,,,3,,,,,,,,1,16,16,17,15,17,15,15,15,15,16,,,1,git / kdiff3,1,26,26,24,23,22,24,,,5,3,4,5,2,5,2,33.64030456543,-117.76940155029,-1,
R_1rCdbHa31VdHPO9,Default Response Set,Anonymous,,,76.250.57.80,0,2016-08-10 14:07:15,2016-08-10 14:07:18,0,1,,,,,,,,,,,,,,,,,,,,,,,,,,,,,,,,,,,,,,,,,,,,,,,,,,,,,,,,,,,,,,,,,,,,,,,,,,,,,,,-1,
R_AI2Ta9oadNKDj0Z,Default Response Set,Anonymous,,,180.151.185.197,0,2016-08-17 20:05:39,2016-08-17 20:13:13,1,1,1,,6,2,4,1,,,,,,,,,5,1,39,38,38,37,38,37,38,38,38,,,1,,,1,2,3,4,,,,2,1,1,,,,,,1,15,15,15,14,15,15,16,15,15,16,,,1,"Winmerge, Araxis",3,24,23,23,23,24,24,,,3,4,4,4,4,4,5,18.533294677734,73.86669921875,-1,
R_2V2TiDezLrqnGIi,Default Response Set,Anonymous,,,188.244.141.92,0,2016-08-17 20:48:36,2016-08-17 21:01:15,1,1,1,,2,2,2,1,,1,1,,,,,,5,1,37,38,38,37,38,36,36,36,39,1,1,,,,2,,,,1,1,2,1,1,,,1,,,,1,14,14,16,15,16,16,14,14,15,15,2,,1,meld / phpstorm,1,26,26,26,25,25,26,,,4,4,5,5,4,3,3,46.952194213867,142.74060058594,-1,
R_2b0CEv2QQIwKkmj,Default Response Set,Anonymous,,,99.108.140.190,0,2016-08-17 20:01:53,2016-08-17 21:18:16,1,1,1,,1,1,1,1,1,,1,,,,,1,4,1,37,37,37,38,38,37,38,38,39,1,,,,,2,,,,2,3,4,3,,,,,,,,1,15,14,14,14,14,13,14,16,13,15,2,,1,meld diff viewer / git,1,26,26,26,25,24,26,,,5,2,3,4,4,3,1,37.413497924805,-122.13119506836,-1,
R_D5JRRvfTE1KlVV7,Default Response Set,Anonymous,,,77.119.131.168,0,2016-08-17 23:34:40,2016-08-17 23:41:26,1,1,1,,2,3,2,1,,,,,,,,,2,1,37,38,37,37,37,37,37,37,38,1,,,,,2,,,,2,3,4,2,,1,,,,,,1,15,16,16,15,16,15,14,16,15,15,,,1,,2,25,25,24,24,24,25,24,,3,2,3,2,4,4,4,48.199996948242,16.36669921875,-1,
R_2VwtcY5e2UHZqJ8,Default Response Set,Anonymous,,,108.48.103.209,0,2016-08-11 12:39:13,2016-08-11 12:41:49,0,1,1,,4,1,5,1,,,1,1,,,1,,2,1,40,38,39,36,37,37,39,39,40,,,,1,I don't.,2,,,,,,,1,,1,1,,,,,,,,,,,,,,,,,,,,,,,,,,,,,,,,,,,,,,-1,
R_C1wsjLX3LYsq52h,Default Response Set,Anonymous,,,188.4.197.235,0,2016-08-18 12:03:37,2016-08-18 16:33:54,1,1,1,,2,1,3,1,,,1,,,,,,5,1,36,38,38,38,39,38,37,39,39,,,1,,,1,,,,,,,2,,,1,,,,,1,16,16,15,15,16,15,16,17,14,16,2,,1,"git, SourceTree, KDiff3, GitHub",2,25,25,24,24,22,25,,,5,1,3,3,1,4,2,37.983306884766,23.733306884766,-1,
R_1dhGOXH9cDXe9bW,Default Response Set,Anonymous,,,206.169.144.70,0,2016-08-18 16:56:08,2016-08-18 17:01:32,1,1,1,,6,2,5,1,,,,,,,,,2,1,38,39,39,37,39,37,37,38,39,1,1,,,,2,,,,2,3,4,1,1,,1,,,,,1,15,15,16,14,16,17,14,16,15,16,,,1,"Winmerge, kdiff3 (via Git)",2,26,26,25,24,23,25,,,4,3,3,4,4,4,2,37.77490234375,-122.41940307617,-1,
R_9N9gk1yP73GECXL,Default Response Set,Anonymous,,,192.55.54.40,0,2016-08-10 18:50:19,2016-08-11 18:29:03,0,1,1,,2,2,2,1,,,,,,,,,6,1,37,39,40,37,39,37,39,37,39,1,1,,,,2,,,,2,3,4,3,,,,,,,,1,16,16,14,16,15,15,16,16,15,16,,,,,,,,,,,,,,,,,,,,,,,-1,
R_3iJACU72ucXVE0u,Default Response Set,Anonymous,,,68.96.79.232,0,2016-08-18 19:20:49,2016-08-18 19:34:20,1,1,1,,6,3,3,1,,,,1,,,1,,4,1,38,38,38,37,38,39,39,37,40,,,1,,,2,,,,2,3,4,3,,,,,,,,1,16,16,17,16,17,17,15,16,15,16,1,Not very specific recollection - but dependencies likely to destabilize the backport are avoided. ,1,"git, diff, the IDE/editor of use in the project (Eclipse, SublimeText, etc.). Others depending on the context.",2,25,25,24,24,24,24,,,3,3,3,3,3,3,3,33.611694335938,-117.5491027832,-1,
R_1QslPrTY5QAfGtl,Default Response Set,Anonymous,,,8.41.68.106,0,2016-08-11 20:25:50,2016-08-11 20:25:54,0,1,,,,,,,,,,,,,,,,,,,,,,,,,,,,,,,,,,,,,,,,,,,,,,,,,,,,,,,,,,,,,,,,,,,,,,,,,,,,,,,-1,
R_21nxW57G7Hoe899,Default Response Set,Anonymous,,,81.150.214.33,0,2016-08-19 01:36:47,2016-08-19 01:42:35,1,1,1,,1,2,3,1,,,,,,,,,2,1,37,37,36,37,37,36,37,37,38,1,,,,,1,1,2,3,,,,2,,1,1,,,1,Unable to refactor code because want to avoid merge conflicts,1,14,14,13,14,13,13,16,14,13,15,,,1,Jetbrains/IntelliJ,1,26,25,26,25,25,26,,,5,3,4,4,3,4,2,51.496398925781,-0.12240600585938,-1,
R_erOkHScFhZkcdpf,Default Response Set,Anonymous,,,123.63.235.34,0,2016-08-19 04:37:13,2016-08-19 04:45:40,1,1,1,,5,3,4,,,,,,,,1,,5,1,38,39,40,39,40,37,39,39,38,1,1,,,,1,2,3,4,,,,1,1,,1,,,1,Different release timelines across shared projects,1,15,17,15,15,17,17,15,15,15,15,,,1,Perforce and few custom developed tools,3,25,25,24,24,24,25,,,3,4,3,4,4,4,3,18.533294677734,73.86669921875,-1,
R_3KPXIj5BT7fBKao,Default Response Set,Anonymous,,,198.24.118.26,0,2016-08-19 09:54:24,2016-08-19 10:02:59,1,1,1,,2,2,3,1,,1,1,1,,,,1,2,1,39,39,39,37,38,38,37,37,39,1,,,,,1,2,3,4,,,,3,,,,,,,,1,16,16,15,15,16,16,15,14,14,16,2,,1,git / KDiff3 / vim,2,26,25,23,23,24,24,,,3,2,3,3,4,3,2,41.367004394531,-81.864700317383,-1,
R_xDu8TxAyFKLGAzD,Default Response Set,Anonymous,,,201.1.40.100,0,2016-08-19 12:54:43,2016-08-19 13:11:12,1,1,1,,2,2,2,1,,,,1,,,,,1,1,38,37,37,37,37,36,36,39,39,1,1,1,,,1,1,2,4,,,,3,,,,,,,,1,17,17,14,16,14,16,17,16,15,17,2,,1,git / vim / terminal,3,25,25,25,25,25,25,,,5,1,1,1,1,3,1,-23.473297119141,-46.665802001953,-1,
R_23fqCrFoSYEEJyY,Default Response Set,Anonymous,,,169.234.218.229,0,2016-08-20 15:46:34,2016-08-20 15:56:12,1,1,1,,3,2,2,1,,,,1,,,,,2,1,38,38,38,37,37,36,36,37,38,1,,1,,,2,,,,2,3,4,3,,,,,,,,1,17,17,17,15,17,17,15,16,16,17,2,,1,Git,2,24,23,24,24,22,22,,,2,4,5,3,4,3,4,33.64030456543,-117.76940155029,-1,
R_30oedzZlfPg9xdq,Default Response Set,Anonymous,,,67.169.183.33,0,2016-08-20 23:56:08,2016-08-21 00:05:00,1,1,1,,1,2,3,1,,,1,1,,,,,5,1,38,38,40,38,39,36,37,37,38,,,1,,,1,2,2,4,,,,3,,,,,,,,1,14,15,13,14,13,13,13,14,13,14,2,,1,"Git, GitHub, grep - N/A otherwise",1,26,26,26,26,26,26,,,5,4,4,4,4,4,1,37.384506225586,-122.08810424805,-1,
R_x5UOrDP1fWtOWOd,Default Response Set,Anonymous,,,109.88.141.206,0,2016-08-21 01:57:58,2016-08-21 02:09:38,1,1,1,,1,3,2,1,,,,1,,,,,2,1,37,39,38,37,38,37,37,37,38,1,,,,,1,1,3,4,,,,3,,,,,,,,1,17,15,17,14,15,16,17,15,15,15,2,,1,GitHub desktop app / VSCode,2,26,25,24,23,25,26,,,5,1,3,3,3,3,1,50.641204833984,5.5717926025391,-1,
R_2v0uxbSJ0irfoWS,Default Response Set,Anonymous,,,106.185.42.156,0,2016-08-15 10:03:20,2016-08-15 10:04:17,0,1,1,,2,2,3,1,,,,1,,,,,2,,,,,,,,,,,,,,,,,,,,,,,,,,,,,,,,,,,,,,,,,,,,,,,,,,,,,,,,,,,,,,,,-1,
R_2AQB9sLLJDksc90,Default Response Set,Anonymous,,,74.202.210.82,0,2016-08-22 12:25:40,2016-08-22 12:47:09,1,1,1,,6,2,2,1,,,1,,,,,1,5,1,37,39,40,38,40,37,36,36,38,1,,,,,1,1,2,4,,,,3,,,,,,,,1,16,16,16,13,17,16,16,13,13,15,2,,1,"sourcetree, kaleidoscope.app, beyondcompare, macvim, vimdiff",2,26,25,24,23,25,26,,,3,1,4,5,4,4,1,47.610305786133,-122.33409881592,-1,
R_SVLHePbrd3zzMS5,Default Response Set,Anonymous,,,93.236.130.245,0,2016-08-22 12:36:36,2016-08-22 12:50:03,1,1,1,,2,3,4,1,,,1,,,,,,2,1,39,40,38,38,37,37,37,38,39,,,1,,,1,2,3,4,,,,3,,,,,,,,1,17,16,15,14,15,14,16,16,13,17,1,"The dependency required Java 8 but our older release branch is Java 7, so that change could not be backported although we would have liked to do so.",1,"I just use standard VCS markers, edit the conflicts with a text editor and resolve them. My IDE helps to navigate to the conflicts. That's all. /  / If I require more history than just the base version, I use emacs' handy vc-region-history which shows all versions of a region of text in a file.",1,25,25,24,24,25,25,,,4,4,3,3,1,4,3,50.466705322266,7.8332977294922,-1,
R_3lDLGpqDn8gM6CL,Default Response Set,Anonymous,,,72.94.165.218,0,2016-08-22 12:18:31,2016-08-22 12:50:05,1,1,1,,2,2,3,1,1,,1,,,,,1,5,1,39,39,39,37,38,37,36,39,39,,,1,,,1,2,4,5,,,,3,,,,,,,,1,17,16,14,14,15,13,16,15,15,15,1,,1,"git, vim",1,25,25,24,23,23,25,,,4,1,1,2,2,3,1,39.923904418945,-75.620300292969,-1,
R_12lh6gsxfl75tUS,Default Response Set,Anonymous,,,216.103.134.250,0,2016-08-22 13:00:03,2016-08-22 13:20:37,1,1,1,,4,2,5,1,1,,,,,,1,1,2,1,38,38,39,38,39,39,39,40,40,,,1,,,2,,,,1,2,4,1,,1,1,1,,,,1,17,17,15,15,15,15,14,14,14,17,,,1,My IDE (Intellij IDEA),3,26,26,25,25,24,23,,,4,2,2,3,4,3,2,34.076400756836,-118.26260375977,-1,
R_3Nw7DE3aUcE5wEy,Default Response Set,Anonymous,,,129.74.200.176,0,2016-08-22 13:20:56,2016-08-22 13:27:29,1,1,1,,4,1,2,1,1,,1,1,,,1,1,5,1,37,39,39,38,40,36,36,37,39,1,1,,,,1,1,2,4,,,,3,,,,,,,,1,17,17,15,13,14,14,16,17,13,16,2,,1,git diff / Atom text editor / git history / git bisect,2,26,25,25,23,25,26,,,4,2,4,4,2,4,2,41.700698852539,-86.250099182129,-1,
R_1gMgJe76noMUWT1,Default Response Set,Anonymous,,,199.188.193.177,0,2016-08-22 13:35:37,2016-08-22 13:39:38,1,1,5,,2,1,5,1,1,,,1,,,1,,2,1,36,38,40,36,37,37,37,38,39,,,1,,,1,1,2,4,,,,3,,,,,,,,1,15,17,14,14,15,14,15,15,14,17,1,,1,"Sublime Text (text editor) / gitx (git visualizer) / Chrome (browser, to view code reviews) / ",2,26,24,26,23,25,25,,,3,1,3,4,5,3,1,37.758697509766,-122.43809509277,-1,
R_3JJ0zhxvykbMvj9,Default Response Set,Anonymous,,,100.0.196.213,0,2016-08-22 13:36:25,2016-08-22 13:41:46,1,1,1,,2,2,2,1,,,,1,,,,,5,1,39,39,38,38,38,37,37,37,37,,,1,,,1,1,2,4,,,,3,,,,,,,,1,15,16,14,14,15,14,14,14,15,14,1,"A new feature that used a new ruby gem, however that ruby gem was not usable with an older version of rails. So a large amount of effort (upgrading rails) would be required for the backport.",1,"git-gui, vim, and github's PR interface",2,26,26,26,26,25,26,,,5,2,2,2,3,2,2,42.416595458984,-71.146896362305,-1,
R_1GPUx75bQX8njiT,Default Response Set,Anonymous,,,92.8.41.206,0,2016-08-22 14:00:42,2016-08-22 14:08:27,1,1,1,,6,3,2,1,,,1,,,,,1,5,1,38,40,40,37,38,37,36,36,37,1,,,,,1,1,2,3,,,,3,,,,,,,,1,17,15,17,15,17,13,13,13,14,15,1,Cannot backport feature X because it depends on Y2. /  / Backported version W depends on Y1 and cannot be updated without significant modification. Thus W cannot be packported.,1,WebStorm has an amazing conflict resolution tool and is able to provide full linting and intellisense of the partially merged file to show impact of the changes. Displays the final and conflicting lines clearly/,3,26,25,24,24,23,25,,,4,4,5,4,5,3,1,51.5,-0.066696166992188,-1,
R_9N5MO0X4wpg4y4h,Default Response Set,Anonymous,,,118.92.76.93,0,2016-08-22 13:57:32,2016-08-22 14:08:37,1,1,1,,3,1,1,1,,,,,,,,,5,1,38,38,40,38,39,37,38,40,40,1,,,,,2,,,,1,2,3,1,,,1,,,,,1,14,17,15,16,16,15,13,15,14,16,,,1,"Regular text-editor, FileMerge.app",2,26,24,25,24,23,26,,,5,4,4,3,4,4,4,-45.896194458008,170.53680419922,-1,
R_9B6iv38YltaQudj,Default Response Set,Anonymous,,,62.31.82.152,0,2016-08-22 14:04:13,2016-08-22 14:09:52,1,1,1,,2,2,2,1,1,1,1,1,,,1,1,1,1,37,37,37,37,37,,37,37,39,,1,,,,1,,,,,,,3,,,,,,,,1,15,16,14,13,15,15,14,15,17,14,2,,1,,1,26,25,25,25,25,25,,,4,2,2,3,3,2,3,51.412094116211,-2.6119995117188,-1,
R_DuRsUbuj0qVnxfj,Default Response Set,Anonymous,,,65.204.229.11,0,2016-08-22 14:10:51,2016-08-22 14:15:36,1,1,1,,2,3,2,1,,,,,,,,,2,1,39,40,40,37,39,37,37,39,40,1,1,1,,,1,2,4,5,,,,1,,1,1,,,,,1,15,17,14,15,16,16,16,17,14,16,,,1,"diff-so-fancy, atom",1,26,24,24,22,23,25,,,3,4,5,4,2,2,2,37.751007080078,-97.821998596191,-1,
R_1oIsAexYkXkafjv,Default Response Set,Anonymous,,,52.32.38.191,0,2016-08-22 14:14:25,2016-08-22 14:23:24,1,1,1,,5,3,2,1,1,,1,1,,,1,1,5,1,36,37,38,36,36,36,36,36,39,,,1,,,3,,,,,,,3,,,,,,,,1,17,17,17,14,17,17,16,16,13,17,1,dep breaking changes,1,"kalidascope, tower",1,26,26,26,26,26,26,22,,5,1,5,5,3,5,1,45.869598388672,-119.68800354004,-1,
R_8umBpDwRu0Ry4ZX,Default Response Set,Anonymous,,,212.28.79.69,0,2016-08-22 14:37:41,2016-08-22 14:55:10,1,1,1,,2,2,2,1,,1,,1,,,1,,4,1,38,38,37,37,38,38,37,37,37,,,1,,,1,1,3,4,,,,3,,,,,,,,1,16,16,14,16,16,17,16,15,16,15,1,,1,"git / gitk / Total Commander (Search, Compare, View) / Editor (Sublime, NPP)",1,26,26,24,23,24,25,,,4,2,4,5,5,4,3,47.005599975586,28.857498168945,-1,
R_XYUn6WNwlQUA1Sp,Default Response Set,Anonymous,,,41.248.134.117,0,2016-08-22 15:24:31,2016-08-22 15:30:31,1,1,1,,3,1,4,,,,1,,,,,,1,1,38,38,38,38,38,37,37,37,40,,,1,,,3,,,,,,,3,,,,,,,,1,15,16,17,14,16,16,16,15,15,15,2,,1,Jetbrains idea,2,23,25,26,26,26,24,,,3,4,3,3,2,4,3,35.78059387207,-5.8135986328125,-1,
R_2S3lJss6Ja2Gq56,Default Response Set,Anonymous,,,72.219.176.223,0,2016-08-22 15:24:17,2016-08-22 15:35:31,1,1,1,,6,2,2,1,,,,1,,,1,,3,1,38,38,38,38,38,38,37,38,38,1,,,,,1,1,2,4,,,,1,,,1,1,,,,1,15,15,15,15,16,14,16,15,14,15,1,"A feature that I backported depended on an additional gem, but that gem required versions of other gems that conflicted with other gems that depended on the same gems. In other words: /  / Existing gem ""A"" depended on gem ""C"" version x / New gem ""B"" depended on gem ""C"" version y",1,"GIT produces a file with both versions of the conflicting merge. I then either determine that one or the other is to be used, or I edit the combined file to reflect both changes. Tower, which is a GUI for GIT, can also show me the two files side-by-side. However, the use of ""ours"" and ""theirs"" is confusing.",1,25,25,24,24,24,24,,,4,4,3,4,4,4,2,33.422805786133,-117.62010192871,-1,
R_NUPYdWPcgsJdwsx,Default Response Set,Anonymous,,,68.46.102.189,0,2016-08-22 15:40:21,2016-08-22 15:45:50,1,1,1,,2,2,2,1,,,,,,,,,2,1,40,40,38,40,39,39,37,40,39,,,1,,,1,1,3,4,,,,3,,,,,,,,1,15,16,14,14,14,14,13,16,14,16,,,1,Git cli,2,26,24,24,24,24,25,24,,2,2,3,2,2,2,2,44.935501098633,-93.250503540039,-1,
R_AcEQP6vHQIWpnWh,Default Response Set,Anonymous,,,75.173.102.200,0,2016-08-22 15:56:34,2016-08-22 16:00:26,1,1,1,,3,2,4,1,1,1,,,1,Chief Technology Officer,1,1,2,1,38,40,40,38,40,36,37,38,40,1,,,,,1,2,3,4,,,,3,,,,,,,,1,15,17,14,14,15,14,16,16,17,17,,,1,"gitx, git, vim, github",2,26,26,25,24,24,26,,,3,2,2,2,4,4,2,35.246704101562,-106.72319793701,-1,
R_2qga6PFmJjnsAig,Default Response Set,Anonymous,,,50.1.124.10,0,2016-08-22 15:52:59,2016-08-22 16:01:58,1,1,1,,3,1,4,1,1,,1,1,,,1,1,2,1,38,37,39,37,39,38,38,39,40,,1,1,,,2,,,,2,3,4,2,,1,1,1,,,,1,17,16,17,16,16,14,15,14,15,17,1,,1,"GitHub, git, `git gui blame`, GitUp (http://gitup.co/), P4Merge, text editor.",1,26,25,24,23,24,25,,,4,3,5,2,5,5,1,37.77490234375,-122.41940307617,-1,
R_1lsqWowQUxtsgXX,Default Response Set,Anonymous,,,206.252.203.38,0,2016-08-22 16:46:50,2016-08-22 16:49:50,1,1,1,,2,2,4,1,1,,,1,,,1,1,3,1,37,39,39,38,38,38,38,38,40,1,,,,,1,2,3,4,,,,3,,,,,,,,1,16,16,14,14,14,14,13,16,16,16,2,,1,Text editor,1,24,24,24,24,24,24,24,,2,2,2,2,2,2,2,40.721405029297,-74.00520324707,-1,
R_10TP7JSSAZRgmSz,Default Response Set,Anonymous,,,109.252.75.155,0,2016-08-22 17:17:26,2016-08-22 17:21:26,1,1,1,,5,3,2,1,1,,,,,,,,5,1,37,38,38,37,37,36,37,37,39,1,1,1,,,3,,,,,,,1,1,1,1,1,,,,1,16,15,14,15,15,14,13,14,15,15,,,1,vim,1,25,24,25,23,23,26,,,2,4,5,4,1,2,3,55.751998901367,37.615005493164,-1,
R_3kMrIr0u8T2E7L7,Default Response Set,Anonymous,,,90.55.100.57,0,2016-08-22 17:18:04,2016-08-22 17:37:49,1,1,1,,3,3,3,1,,,1,,,,1,1,2,1,39,39,40,38,39,37,37,36,38,1,1,1,,,2,,,,2,3,4,3,,,,,,,,1,17,16,15,16,15,14,16,15,15,17,2,,1,"vim, git for simple /  / If too complex I switch to either github, sourcetree",1,26,25,24,22,23,24,,,4,4,4,3,5,5,4,45.964797973633,0.70230102539062,-1,
R_2qpA1X5B1RxF4xj,Default Response Set,Anonymous,,,2.108.173.69,0,2016-08-22 23:49:21,2016-08-22 23:56:45,1,1,1,,4,3,3,1,,,,,,,,,4,1,36,37,38,37,37,36,37,37,37,,,1,,,2,,,,2,3,3,3,,,,,,,,1,14,14,13,14,15,14,15,15,14,14,,,1,"Emacs, Android Studio, shell, git",2,25,25,24,24,23,25,,,4,4,2,3,1,2,3,55.666702270508,12.583297729492,-1,
R_3O7Wzo3XL1ZR2HS,Default Response Set,Anonymous,,,82.54.178.168,0,2016-08-23 04:37:08,2016-08-23 04:55:09,1,1,1,,2,2,1,1,,,1,,,,,,2,1,37,38,39,37,38,39,39,38,38,,,1,,,1,1,2,3,,,,1,1,,,1,1,,,1,16,16,15,16,14,13,17,16,16,15,2,,1,I use the plain git merge without any automated tool,2,23,23,23,24,24,23,,,4,4,3,3,2,3,4,45.570693969727,11.57470703125,-1,
R_1jAL9apLqaKADyR,Default Response Set,Anonymous,,,103.25.231.101,0,2016-08-16 04:56:58,2016-08-16 04:57:13,0,1,,,,,,,,,,,,,,,,,,,,,,,,,,,,,,,,,,,,,,,,,,,,,,,,,,,,,,,,,,,,,,,,,,,,,,,,,,,,,,,-1,
R_3g5AwwbMaAjki4N,Default Response Set,Anonymous,,,177.81.8.183,0,2016-08-23 05:05:34,2016-08-23 05:13:57,1,1,1,,2,2,4,1,,,,,,,1,1,5,1,37,37,38,37,38,38,37,37,38,1,,1,,,2,,,,2,2,4,2,,1,1,1,,,,1,16,16,15,17,17,16,16,17,16,16,,,1,"Vim diff, tig",1,26,25,26,25,25,24,26,,4,4,4,4,3,3,4,-23.473297119141,-46.665802001953,-1,
R_2PgP0fWRfueQtF8,Default Response Set,Anonymous,,,38.140.133.131,0,2016-08-23 09:22:15,2016-08-23 09:28:15,1,1,1,,1,2,3,1,,,,,,,,,5,1,36,39,40,40,40,36,36,38,39,1,,,,,1,1,2,3,,,,3,,,,,,,,1,17,16,13,16,14,14,14,17,17,17,,,1,"SourceTree, SublimeText, terminal",2,25,25,25,24,23,26,,,5,5,4,4,4,3,3,37.748397827148,-122.4156036377,-1,
R_2TEF2MZky8aq4wr,Default Response Set,Anonymous,,,98.164.217.145,0,2016-08-16 10:01:57,2016-08-16 10:03:29,0,1,2,,5,3,3,,,,,1,,,,,1,,,,,,,,,,,,,,,,,,,,,,,,,,,,,,,,,,,,,,,,,,,,,,,,,,,,,,,,,,,,,,,,-1,
R_1hDMKoDAciC7gfm,Default Response Set,Anonymous,,,68.82.208.230,0,2016-08-16 10:49:51,2016-08-16 10:50:17,0,1,,,,,,,,,,,,,,,,,,,,,,,,,,,,,,,,,,,,,,,,,,,,,,,,,,,,,,,,,,,,,,,,,,,,,,,,,,,,,,,-1,
R_1M93GvT9B5gxLnf,Default Response Set,Anonymous,,,90.192.168.125,0,2016-08-23 11:31:45,2016-08-23 11:41:48,1,1,1,,2,2,2,1,,,,,,,,,2,1,37,38,39,38,39,37,40,38,39,1,,,,,1,2,3,5,,,,2,1,1,,,1,,,1,16,15,14,14,16,15,14,15,15,16,,,1,Code editor / Diff visualisation tool / Browser / Testing environment,2,25,24,25,23,22,24,,,2,2,4,4,4,3,2,51.350006103516,-0.14999389648438,-1,
R_1r8sSdtJExBgyI4,Default Response Set,Anonymous,,,46.7.232.179,0,2016-08-16 12:29:50,2016-08-16 12:29:57,0,1,,,,,,,,,,,,,,,,,,,,,,,,,,,,,,,,,,,,,,,,,,,,,,,,,,,,,,,,,,,,,,,,,,,,,,,,,,,,,,,-1,
R_1LjPq7yYm9CsaW6,Default Response Set,Anonymous,,,189.62.242.225,0,2016-08-16 08:44:07,2016-08-16 13:24:34,0,1,1,,1,2,1,1,,,,,,,,,4,,,,,,,,,,,,,,,,,,,,,,,,,,,,,,,,,,,,,,,,,,,,,,,,,,,,,,,,,,,,,,,,-1,
R_1QJTglM6u7HimCo,Default Response Set,Anonymous,,,69.255.16.103,0,2016-08-16 13:36:53,2016-08-16 13:38:25,0,1,1,,6,2,5,1,1,,,1,1,Enterprise Architect,1,,5,,,,,,,,,,,,,,,,,,,,,,,,,,,,,,,,,,,,,,,,,,,,,,,,,,,,,,,,,,,,,,,,-1,
R_2DSIrHkPSx1mQT2,Default Response Set,Anonymous,,,68.101.221.11,0,2016-08-23 13:56:25,2016-08-23 14:06:03,1,1,1,,4,3,2,1,1,1,1,1,,,1,1,6,1,40,39,38,39,40,37,39,39,40,1,1,1,,,2,,,,1,3,5,2,,1,,1,,,,1,15,17,15,16,16,15,16,17,16,16,1,"Some libraries or code syntax demands a higher version of interpreter, and sometimes it cannot be polyfilled. And often times a polyfill will have different behavior -- even ever so slightly -- causing tests to fail in some cases and not others. In that situation, fixing the backport may break the intended use cases.",1,"git, diff, grep, atom/vim, github/gitlab",3,25,24,24,24,24,26,,,3,2,4,5,5,4,3,32.74479675293,-117.1701965332,-1,
R_1rC8GPnvyJeUwlJ,Default Response Set,Anonymous,,,208.54.39.236,0,2016-08-16 17:29:24,2016-08-16 17:30:16,0,1,2,,3,1,2,,,,,1,,,,,3,,,,,,,,,,,,,,,,,,,,,,,,,,,,,,,,,,,,,,,,,,,,,,,,,,,,,,,,,,,,,,,,-1,
R_3OriPvzQLjbFnau,Default Response Set,Anonymous,,,216.239.45.130,0,2016-08-16 22:22:14,2016-08-16 22:25:09,0,1,1,,1,3,3,1,1,,,,,,,,1,,,,,,,,,,,,,,,,,,,,,,,,,,,,,,,,,,,,,,,,,,,,,,,,,,,,,,,,,,,,,,,,-1,
R_3EXY1DHsIW40GDV,Default Response Set,Anonymous,,,49.248.92.151,0,2016-08-24 00:10:57,2016-08-24 00:37:31,1,1,1,,2,2,5,1,,,,,,,,,1,1,38,38,38,37,37,37,37,37,39,1,,1,1,"It all depend on complexity of code which is conflicting.suppose there is a file f1, which is having 3-4 conflicting blocks with the file f1 in other codeline. Now if there are major changes in the file in current codeline on top of which we have done few changes with CL1 , now I needs to merge the CL1 from this branch to other, there will be lots of conflicts. And I needs to spend lot of time in terms of resolving conflict, because I dont want to end up in shipping complete file in other branch, because it may have other dependancies which I am not aware of. Sometime if comflict is huge, We cannot trust merge, and we have to perform manual coding to achieve same results.",1,2,3,5,,,,2,1,,1,1,,1,"Coding is done with different geographical locations and there is no ownerahip of code, everyone needs to work on everything. So somewhere we loose the responsibility of maintaining coding standards. There are pressures of fixing bugs which are managed by different teams, and there is huge pressure of maintaing ETA's and SLA's.",1,17,15,14,16,15,15,14,17,17,17,,,1,"I can't share code version management tool details, but in process we get the files tagged with conflicting blocks, and using notepad++ we can easily decide which code block to keep, and which one to remove, but this is possible only for small conflicts.",3,23,23,23,22,22,22,23,,3,2,3,4,1,5,5,18.533294677734,73.86669921875,-1,
R_1oI3BHTmE0v7PPz,Default Response Set,Anonymous,,,82.103.64.92,0,2016-08-24 05:09:25,2016-08-24 05:14:38,1,1,1,,3,2,4,1,,,,,,,,1,3,1,37,39,39,39,37,38,40,39,40,1,1,,,,2,,,,1,2,4,2,1,1,1,,,,,1,17,17,16,15,16,16,17,17,16,16,,,1,,,,,,,,,,,,,,,,,,42.683303833008,23.316696166992,-1,
R_2DSwyNpm8OaG1p8,Default Response Set,Anonymous,,,128.170.224.11,0,2016-08-17 07:14:19,2016-08-17 07:16:31,0,1,1,,4,2,2,,,,,1,,,,,5,,,,,,,,,,,,,,,,,,,,,,,,,,,,,,,,,,,,,,,,,,,,,,,,,,,,,,,,,,,,,,,,-1,
R_10w1lv5mM3J4bSe,Default Response Set,Anonymous,,,65.60.67.10,0,2016-08-17 12:15:07,2016-08-17 12:16:27,0,1,1,,2,2,2,1,,,,1,,,,,2,,,,,,,,,,,,,,,,,,,,,,,,,,,,,,,,,,,,,,,,,,,,,,,,,,,,,,,,,,,,,,,,-1,
R_2Se3UnT6OYESFc0,Default Response Set,Anonymous,,,104.132.34.104,0,2016-08-24 15:15:10,2016-08-24 15:19:58,1,1,1,,6,2,2,1,,1,,,,,1,1,4,1,39,38,40,39,39,37,38,38,38,1,,,,,2,,,,1,2,4,3,,,,,,,,1,15,16,16,17,15,15,17,16,17,16,,,1,text editors / emacs emerge / git,2,25,25,25,23,24,25,,,3,3,4,3,4,3,3,40.645095825195,-73.944999694824,-1,
R_3VLB9t7TIow4raZ,Default Response Set,Anonymous,,,108.2.148.153,0,2016-08-17 20:40:17,2016-08-17 20:40:46,0,1,,,,,,,,,,,,,,,,,,,,,,,,,,,,,,,,,,,,,,,,,,,,,,,,,,,,,,,,,,,,,,,,,,,,,,,,,,,,,,,-1,
R_3G6uHXs0VGTgiN4,Default Response Set,Anonymous,,,82.212.220.252,0,2016-08-17 23:51:15,2016-08-17 23:52:21,0,1,1,,1,1,2,1,,1,,,,,,1,3,,,,,,,,,,,,,,,,,,,,,,,,,,,,,,,,,,,,,,,,,,,,,,,,,,,,,,,,,,,,,,,,-1,
R_2YAne3h5iWedqAB,Default Response Set,Anonymous,,,212.51.155.234,0,2016-08-18 00:57:49,2016-08-18 00:59:45,0,1,1,,4,3,2,1,1,,1,,,,1,1,2,,,,,,,,,,,,,,,,,,,,,,,,,,,,,,,,,,,,,,,,,,,,,,,,,,,,,,,,,,,,,,,,-1,
R_2Ytu5aCItjMb2Nv,Default Response Set,Anonymous,,,76.103.244.155,0,2016-08-25 01:46:59,2016-08-25 01:51:09,1,1,1,,2,3,2,1,,,1,,,,,,1,1,39,39,40,38,38,39,38,39,39,,,1,,,1,2,3,4,,,,3,,,,,,,,1,17,16,16,15,15,15,17,15,14,17,1,,1,"sometimes I rebase one branch onto another and then reset. While rebasing, I look at the patch in .git/rebase/patch",1,26,25,25,24,24,25,,,4,2,2,2,2,4,2,37.865798950195,-122.27500152588,-1,
R_W83grVFfw9LWuqd,Default Response Set,Anonymous,,,94.231.132.213,0,2016-08-18 04:00:26,2016-08-18 04:13:00,0,1,1,,2,2,2,1,1,1,1,1,,,1,1,2,1,37,38,38,37,38,38,38,38,39,1,1,,,,2,,,,1,2,3,2,1,1,1,1,,,,,,,,,,,,,,,,,,,,,,,,,,,,,,,,,,,,,-1,
R_1rcgPc8CcWAavYb,Default Response Set,Anonymous,,,130.221.224.7,0,2016-08-18 13:39:37,2016-08-18 13:40:07,0,1,,,,,,,,,,,,,,,,,,,,,,,,,,,,,,,,,,,,,,,,,,,,,,,,,,,,,,,,,,,,,,,,,,,,,,,,,,,,,,,-1,
R_DBnOIxD8NKauCat,Default Response Set,Anonymous,,,204.14.239.106,0,2016-08-25 14:13:26,2016-08-25 14:17:59,1,1,1,,3,1,1,1,1,1,,,,,1,1,5,1,,38,39,38,39,38,39,38,38,,,1,,,1,2,3,4,,,,3,,,,,,,,1,16,16,14,15,14,14,16,16,16,16,,,1,Mostly just the standard git toolset,1,24,24,23,23,23,23,,,4,1,3,3,1,3,1,37.77490234375,-122.41940307617,-1,
R_1QAc8XHkUYGpmHo,Default Response Set,Anonymous,,,130.221.224.7,0,2016-08-18 19:18:51,2016-08-18 19:29:57,0,1,1,,6,2,5,1,1,,,,1,Technical Oversight,1,1,8,1,38,39,40,38,38,37,39,38,39,,,1,1,Number of impacted interfaces / Number/degree of changes in data representations / Number of situations where different algorithms are used to solve the same problem,1,2,3,4,,,,2,,1,,1,,,,1,16,17,16,16,16,16,16,17,16,16,,,,,,,,,,,,,,,,,,,,,,,-1,
R_wTyFJYpYmnkv79v,Default Response Set,Anonymous,,,104.7.14.59,0,2016-08-19 12:09:31,2016-08-19 12:10:11,0,1,1,,1,2,5,1,,,,,,,,,2,,,,,,,,,,,,,,,,,,,,,,,,,,,,,,,,,,,,,,,,,,,,,,,,,,,,,,,,,,,,,,,,-1,
R_2zCqTSKnDOxVtEx,Default Response Set,Anonymous,,,163.252.254.202,0,2016-08-26 11:55:31,2016-08-26 12:37:57,1,1,2,,5,2,3,1,1,,1,1,,,,1,7,1,40,37,39,38,39,36,38,37,38,,,,1,function points or story points,2,,,,2,3,4,3,,,,,,,,1,16,14,14,16,14,13,16,15,15,15,1,rolling back is not possible when live data plays into it.  If there is a hot back up it works but is tricky.  When there is no hot back up it cannot be done.,1,Jira, ClearQuest/ClearCase,3,25,24,25,23,23,25,,,3,3,3,4,4,3,3,38.879104614258,-77.376602172852,-1
R_31mfefN22Ni6VfX,Default Response Set,Anonymous,,,76.220.24.130,0,2016-08-27 01:06:26,2016-08-27 01:11:07,1,1,1,,2,3,4,,,,,,,,,1,2,1,38,38,38,37,38,37,38,37,38,1,1,1,,,2,,,,2,3,4,3,,,,,,,,1,17,17,17,16,15,17,16,15,15,16,,,1,git diff,2,24,24,24,24,24,23,,,5,3,4,4,5,5,3,37.760696411133,-122.48419952393,-1,
R_ApOZzK49gQoC8sp,Default Response Set,Anonymous,,,99.153.203.161,0,2016-08-22 12:22:53,2016-08-22 12:23:04,0,1,,,,,,,,,,,,,,,,,,,,,,,,,,,,,,,,,,,,,,,,,,,,,,,,,,,,,,,,,,,,,,,,,,,,,,,,,,,,,,,-1,
R_1Qoy5uUjVuhB3UG,Default Response Set,Anonymous,,,67.160.71.248,0,2016-08-22 12:20:21,2016-08-22 12:37:45,0,1,,,,,,,,,,,,,,,,,,,,,,,,,,,,,,,,,,,,,,,,,,,,,,,,,,,,,,,,,,,,,,,,,,,,,,,,,,,,,,,-1,
R_27QzN0kzQ3fqJct,Default Response Set,Anonymous,,,90.207.36.46,0,2016-08-22 12:30:38,2016-08-22 13:07:39,0,1,1,,1,3,4,1,,,1,,,,,,2,,,,,,,,,,,,,,,,,,,,,,,,,,,,,,,,,,,,,,,,,,,,,,,,,,,,,,,,,,,,,,,,-1,
R_0kCuJYrJWdz8AqB,Default Response Set,Anonymous,,,77.88.20.120,0,2016-08-22 12:59:08,2016-08-22 13:10:57,0,1,1,,6,3,5,1,,,,,,,1,,1,1,38,39,39,39,39,37,38,39,38,1,1,1,,,1,2,3,4,,,,1,,,1,1,,,,1,15,15,16,16,15,14,16,16,16,15,,,,,,,,,,,,,,,,,,,,,,,-1,
R_1lfN54wrG0mHbem,Default Response Set,Anonymous,,,167.57.72.188,0,2016-08-22 13:48:18,2016-08-22 13:53:51,0,1,1,,2,2,2,1,,,,,,,,,3,1,38,38,39,38,39,38,37,38,38,,,1,,,1,2,3,4,,,,1,1,1,1,,,,,1,15,16,14,15,15,14,14,15,15,16,,,,,,,,,,,,,,,,,,,,,,,-1,
R_1lbD0fRTvGDDSll,Default Response Set,Anonymous,,,80.109.77.2,0,2016-08-22 13:53:52,2016-08-22 13:55:43,0,1,1,,4,2,3,1,,,,,,,,,6,,,,,,,,,,,,,,,,,,,,,,,,,,,,,,,,,,,,,,,,,,,,,,,,,,,,,,,,,,,,,,,,-1,
R_7PyNf48XeVhM7YZ,Default Response Set,Anonymous,,,97.120.66.205,0,2016-08-22 14:22:26,2016-08-22 14:26:21,0,1,1,,4,2,2,1,,,1,1,,,1,1,5,1,38,39,40,39,38,36,37,38,39,1,1,1,,,1,2,3,4,,,,2,1,1,,,,,,,,,,,,,,,,,,,,,,,,,,,,,,,,,,,,,,,-1,
R_3qVH83Shb7D49iz,Default Response Set,Anonymous,,,78.56.48.154,0,2016-08-22 14:32:27,2016-08-22 14:36:23,0,1,1,,2,2,3,1,1,,1,,,,,,2,1,37,37,38,37,39,37,38,37,38,1,1,,,,2,,,,2,3,4,3,,,,,,,,,,,,,,,,,,,,,,,,,,,,,,,,,,,,,,,,,-1,
R_31ZfsZg6Ph7xHl5,Default Response Set,Anonymous,,,198.16.7.250,0,2016-08-22 15:01:46,2016-08-22 15:02:01,0,1,,,,,,,,,,,,,,,,,,,,,,,,,,,,,,,,,,,,,,,,,,,,,,,,,,,,,,,,,,,,,,,,,,,,,,,,,,,,,,,-1,
R_PTfKpffPvrW6t6p,Default Response Set,Anonymous,,,191.38.153.160,0,2016-08-22 15:11:50,2016-08-22 15:16:21,0,1,1,,2,2,4,1,,,1,,,,1,1,1,1,39,39,39,39,38,38,38,38,40,1,,,,,2,,,,2,3,4,3,,,,,,,,1,16,16,16,16,16,16,15,15,17,17,1,,,,,,,,,,,,,,,,,,,,,,-1,
R_UzQxXtnOmyTPTyx,Default Response Set,Anonymous,,,177.228.57.104,0,2016-08-22 15:30:12,2016-08-22 15:38:31,0,1,1,,2,2,2,1,,,,1,,,,,5,1,38,37,37,37,37,36,37,37,38,1,1,1,,,2,,,,1,2,3,2,,1,1,,,,,1,15,14,16,15,15,16,15,15,14,15,2,,,,,,,,,,,,,,,,,,,,,,-1,
R_4OSXnoDL4gQjsAB,Default Response Set,Anonymous,,,107.77.204.157,0,2016-08-22 15:47:52,2016-08-22 15:49:11,0,1,1,,2,3,2,1,1,1,1,,,,1,1,5,,,,,,,,,,,,,,,,,,,,,,,,,,,,,,,,,,,,,,,,,,,,,,,,,,,,,,,,,,,,,,,,-1,
R_2SwTRuVJWnxK0KS,Default Response Set,Anonymous,,,107.199.63.123,0,2016-08-16 10:29:17,2016-08-16 10:29:38,0,1,,,,,,,,,,,,,,,,,,,,,,,,,,,,,,,,,,,,,,,,,,,,,,,,,,,,,,,,,,,,,,,,,,,,,,,,,,,,,,,-1,
R_2qn0pSF52Yp3gvK,Default Response Set,Anonymous,,,118.189.72.175,0,2016-08-22 20:42:24,2016-08-22 20:45:45,0,1,1,,2,2,3,1,,,,1,,,1,1,2,1,39,38,40,38,39,39,40,38,39,,1,,,,2,,,,1,2,3,3,,,,,,,,1,17,16,17,17,17,17,16,15,17,16,2,,,,,,,,,,,,,,,,,,,,,,-1,
R_3HMsAXxs9ibGmqK,Default Response Set,Anonymous,,,104.132.1.77,0,2016-08-16 16:56:06,2016-08-16 16:59:07,0,1,1,,3,2,2,1,,,,,,,,,3,1,39,39,40,37,40,36,40,36,40,1,,,,,2,,,,1,2,3,3,,,,,,,,,,,,,,,,,,,,,,,,,,,,,,,,,,,,,,,,,-1,
R_AsuznQPckEZabYt,Default Response Set,Anonymous,,,87.156.170.9,0,2016-08-22 22:23:02,2016-08-22 22:25:20,0,1,1,,1,3,2,1,,,,,,,,,4,1,40,38,40,38,40,38,39,40,38,1,1,1,,,1,2,3,3,,,,3,,,,,,,,,,,,,,,,,,,,,,,,,,,,,,,,,,,,,,,,,-1,
R_3Rf2QSh4xX8yOrc,Default Response Set,Anonymous,,,202.32.143.99,0,2016-08-22 22:29:18,2016-08-22 22:30:26,0,1,1,,2,2,4,1,,,1,,,,1,,2,,,,,,,,,,,,,,,,,,,,,,,,,,,,,,,,,,,,,,,,,,,,,,,,,,,,,,,,,,,,,,,,-1,
R_0V7Ahhe9Ii11eQV,Default Response Set,Anonymous,,,172.56.12.183,0,2016-08-23 03:09:57,2016-08-23 03:10:27,0,1,,,,,,,,,,,,,,,,,,,,,,,,,,,,,,,,,,,,,,,,,,,,,,,,,,,,,,,,,,,,,,,,,,,,,,,,,,,,,,,-1,
R_29sKW1WlA8hZeU5,Default Response Set,Anonymous,,,172.56.12.183,0,2016-08-23 03:10:28,2016-08-23 03:14:02,0,1,1,,2,2,5,1,,,1,1,,,1,1,2,1,37,37,37,37,36,38,37,38,37,,,1,,,1,3,2,1,,,,3,,,,,,,,,,,,,,,,,,,,,,,,,,,,,,,,,,,,,,,,,-1,
R_3g6Mv0MXSKX9ZXH,Default Response Set,Anonymous,,,98.180.144.5,0,2016-08-22 08:54:35,2016-08-22 08:55:52,0,1,,,,,,,,,,,,,,,,,,,,,,,,,,,,,,,,,,,,,,,,,,,,,,,,,,,,,,,,,,,,,,,,,,,,,,,,,,,,,,,-1,
R_5aSgGN26jcnTr4p,Default Response Set,Anonymous,,,38.111.225.210,0,2016-08-23 07:56:51,2016-08-23 07:57:38,0,1,5,,3,2,2,1,,,1,,,,,,5,,,,,,,,,,,,,,,,,,,,,,,,,,,,,,,,,,,,,,,,,,,,,,,,,,,,,,,,,,,,,,,,-1,
R_1OOEsDcd7GzBV3p,Default Response Set,Anonymous,,,104.132.34.75,0,2016-08-22 12:28:51,2016-08-22 12:30:23,0,1,,,2,1,1,1,,,,,,,,1,5,,,,,,,,,,,,,,,,,,,,,,,,,,,,,,,,,,,,,,,,,,,,,,,,,,,,,,,,,,,,,,,,-1,
R_ugHY4kS6vB1v6oN,Default Response Set,Anonymous,,,77.49.205.250,0,2016-08-22 12:39:44,2016-08-22 13:27:15,0,1,1,,2,2,4,,1,1,,,,,,1,5,,,,,,,,,,,,,,,,,,,,,,,,,,,,,,,,,,,,,,,,,,,,,,,,,,,,,,,,,,,,,,,,-1,
R_2Xal4SbDFqtXoAL,Default Response Set,Anonymous,,,31.0.121.169,0,2016-08-23 10:49:02,2016-08-23 11:00:03,0,1,,,,,,,,,,,,,,,,,,,,,,,,,,,,,,,,,,,,,,,,,,,,,,,,,,,,,,,,,,,,,,,,,,,,,,,,,,,,,,,-1,
R_3ilNGJTcx4kNAox,Default Response Set,Anonymous,,,50.20.4.10,0,2016-08-22 15:07:51,2016-08-23 12:42:38,0,1,1,,4,2,3,1,,1,,,,,1,1,1,,,,,,,,,,,,,,,,,,,,,,,,,,,,,,,,,,,,,,,,,,,,,,,,,,,,,,,,,,,,,,,,-1,
R_3nDx67zmuiw6WML,Default Response Set,Anonymous,,,128.193.154.216,0,2016-08-23 15:17:54,2016-08-23 15:28:02,0,1,,,,,,,,,,,,,,,,,,,,,,,,,,,,,,,,,,,,,,,,,,,,,,,,,,,,,,,,,,,,,,,,,,,,,,,,,,,,,,,-1,
R_sSyKYhq2IWHPdWV,Default Response Set,Anonymous,,,191.190.36.216,0,2016-08-23 12:13:11,2016-08-23 15:28:08,0,1,5,,2,3,2,1,,,,,,,,,2,1,37,37,37,37,37,37,37,37,39,1,,,,,2,,,,1,2,3,2,1,,1,1,1,1,Client requirement,,,,,,,,,,,,,,,,,,,,,,,,,,,,,,,,,,-1,
R_3fkgFpPlTVFLyBW,Default Response Set,Anonymous,,,61.149.143.214,0,2016-08-23 21:08:36,2016-08-23 21:09:08,0,1,,,,,,,,,,,,,,,,,,,,,,,,,,,,,,,,,,,,,,,,,,,,,,,,,,,,,,,,,,,,,,,,,,,,,,,,,,,,,,,-1,
R_wYlayvym21QDHhv,Default Response Set,Anonymous,,,67.208.111.146,0,2016-08-22 17:16:04,2016-08-24 10:51:07,0,1,1,,4,3,3,1,,,1,,,,1,1,2,1,40,39,39,37,37,37,38,39,38,1,,,,,2,,,,1,2,4,1,,1,1,,,,,,,,,,,,,,,,,,,,,,,,,,,,,,,,,,,,,,-1,
R_bjFoj4W0D8phCW9,Default Response Set,Anonymous,,,68.116.97.118,0,2016-08-24 11:10:36,2016-08-24 11:12:24,0,1,1,,5,2,4,1,,1,,,,,1,1,5,,,,,,,,,,,,,,,,,,,,,,,,,,,,,,,,,,,,,,,,,,,,,,,,,,,,,,,,,,,,,,,,-1,
R_2t9bGHsM06agFUq,Default Response Set,Anonymous,,,37.228.243.70,0,2016-08-24 14:40:33,2016-08-24 14:43:27,0,1,1,,2,2,3,1,,,,,,,,,5,1,38,39,39,38,38,36,39,36,38,,1,,,,1,2,3,4,,,,3,,,,,,,,,,,,,,,,,,,,,,,,,,,,,,,,,,,,,,,,,-1,
R_bI9xQknU7GUCJgh,Default Response Set,Anonymous,,,69.255.16.103,0,2016-08-25 11:06:53,2016-08-25 11:07:37,0,1,,,,,,,,,,,,,,,,,,,,,,,,,,,,,,,,,,,,,,,,,,,,,,,,,,,,,,,,,,,,,,,,,,,,,,,,,,,,,,,-1,
R_QbMp7vcHyDEwNAR,Default Response Set,Anonymous,,,71.83.170.131,0,2016-09-03 15:38:05,2016-09-03 15:50:55,1,1,1,,4,2,2,1,,,1,,,,1,1,2,1,40,39,39,39,39,38,39,39,40,,,1,,,1,2,3,4,,,,2,,1,1,1,,,,1,17,16,17,17,17,15,15,16,16,17,1,"I wouldn't say unable so much as unwilling. Fixes can generally be back ported with enough effort, regardless of dependencies (e.g. you can usually inline the dependencies with the necessary fixes). However, the reality of diminishing returns can often make it better to forgo a particular fix if it's too difficult.",1,,2,25,25,24,23,24,24,,,4,4,4,4,3,4,2,34.176696777344,-118.31050109863,-1,
R_9mDko9ea2wOvIl7,Default Response Set,Anonymous,,,27.253.73.91,0,2016-08-28 02:01:03,2016-08-28 02:01:30,0,1,,,,,,,,,,,,,,,,,,,,,,,,,,,,,,,,,,,,,,,,,,,,,,,,,,,,,,,,,,,,,,,,,,,,,,,,,,,,,,,-1,
R_eKAYf8Vp3aR6i4l,Default Response Set,Anonymous,,,109.172.14.133,0,2016-08-30 08:38:29,2016-08-30 08:50:21,0,1,1,,1,2,2,1,,,1,,,,,,2,,,,,,,,,,,,,,,,,,,,,,,,,,,,,,,,,,,,,,,,,,,,,,,,,,,,,,,,,,,,,,,,-1,
R_dmt2RndjvWhd8b3,Default Response Set,Anonymous,,,78.11.85.178,0,2016-08-31 00:35:32,2016-08-31 00:38:03,0,1,1,,2,2,2,1,,,,1,,,,,2,,,,,,,,,,,,,,,,,,,,,,,,,,,,,,,,,,,,,,,,,,,,,,,,,,,,,,,,,,,,,,,,-1,
R_bBdK1pykxmH8kpD,Default Response Set,Anonymous,,,74.73.147.147,0,2016-08-31 09:49:58,2016-08-31 09:56:17,0,1,5,,1,3,4,1,1,,,,,,1,1,2,1,37,38,39,37,,37,38,39,39,,,,1,"- do a quick git status to see the # of files, that's usually a good proxy / - if the # of files is small, do a git diff to size up the # of changes / their complexity",2,,,,,,,1,,,,,,,,,,,,,,,,,,,,,,,,,,,,,,,,,,,,,,,,,-1,
R_shrMzE1x4BLPb7X,Default Response Set,Anonymous,,,68.231.209.138,0,2016-09-04 00:52:14,2016-09-04 00:59:29,0,1,1,,2,3,2,1,,,1,,,,,,3,1,39,39,39,39,39,38,39,39,39,,,1,,,1,1,3,4,,,,3,,,,,,,,1,16,16,15,16,16,16,14,15,15,16,2,,,,,,,,,,,,,,,,,,,,,,-1,
R_3KxrkV2nLHVGpBw,Default Response Set,Anonymous,,,83.7.121.184,0,2016-09-12 05:24:34,2016-09-12 05:25:24,0,1,,,,,,,,,,,,,,,,,,,,,,,,,,,,,,,,,,,,,,,,,,,,,,,,,,,,,,,,,,,,,,,,,,,,,,,,,,,,,,,-1,
